No., Day,DD,MMM,YYYY, N1,N2,N3,N4,N5,N6,BN
2429, Wed,3,Apr,2019,5,9,17,26,35,52,44
2428, Sat,30,Mar,2019,3,27,35,45,54,55,24
2427, Wed,27,Mar,2019,13,18,25,35,39,50,21
2426, Sat,23,Mar,2019,6,26,30,50,52,59,27
2425, Wed,20,Mar,2019,2,19,35,53,56,58,12
2424, Sat,16,Mar,2019,6,26,32,37,42,59,38
2423, Wed,13,Mar,2019,1,11,29,40,46,48,17
2422, Sat,9,Mar,2019,22,27,35,40,46,52,2
2421, Wed,6,Mar,2019,2,12,15,43,46,53,17
2420, Sat,2,Mar,2019,4,8,16,19,33,45,54
2419, Wed,27,Feb,2019,19,20,22,31,51,54,16
2418, Sat,23,Feb,2019,6,9,38,40,42,48,57
2417, Wed,20,Feb,2019,3,11,17,33,41,51,48
2416, Sat,16,Feb,2019,11,15,18,43,46,51,12
2415, Wed,13,Feb,2019,4,8,26,31,42,45,55
2414, Sat,9,Feb,2019,25,27,31,36,38,47,12
2413, Wed,6,Feb,2019,3,16,24,41,44,53,15
2412, Sat,2,Feb,2019,1,6,41,53,55,59,20
2411, Wed,30,Jan,2019,7,22,31,43,47,58,2
2410, Sat,26,Jan,2019,29,40,42,47,51,56,45
2409, Wed,23,Jan,2019,5,27,30,41,45,58,38
2408, Sat,19,Jan,2019,11,15,17,22,31,52,45
2407, Wed,16,Jan,2019,1,12,44,48,54,55,8
2406, Sat,12,Jan,2019,13,29,32,43,49,55,26
2405, Wed,9,Jan,2019,3,17,36,42,51,57,18
2404, Sat,5,Jan,2019,18,25,27,28,32,47,6
2403, Wed,2,Jan,2019,8,9,10,35,40,53,21
2402, Sat,29,Dec,2018,26,31,38,40,45,57,28
2401, Wed,26,Dec,2018,7,14,35,45,54,58,1
2400, Sat,22,Dec,2018,4,15,17,24,32,56,31
2399, Wed,19,Dec,2018,12,24,33,34,39,56,38
2398, Sat,15,Dec,2018,5,26,34,35,43,49,19
2397, Wed,12,Dec,2018,3,22,31,46,51,59,53
2396, Sat,8,Dec,2018,6,23,36,38,43,48,17
2395, Wed,5,Dec,2018,1,6,13,23,45,56,41
2394, Sat,1,Dec,2018,5,8,9,12,31,49,57
2393, Wed,28,Nov,2018,36,39,45,46,48,52,38
2392, Sat,24,Nov,2018,15,27,30,32,42,43,10
2391, Wed,21,Nov,2018,24,31,35,42,46,53,9
2390, Sat,17,Nov,2018,4,5,9,12,17,42,32
2389, Wed,14,Nov,2018,4,11,20,45,48,53,16
2388, Sat,10,Nov,2018,7,12,17,38,42,44,53
2387, Wed,7,Nov,2018,4,5,9,40,46,59,58
2386, Sat,3,Nov,2018,16,31,41,45,47,52,53
2385, Wed,31,Oct,2018,5,14,20,24,28,45,21
2384, Sat,27,Oct,2018,1,6,25,26,31,39,56
2383, Wed,24,Oct,2018,9,22,32,40,51,59,17
2382, Sat,20,Oct,2018,12,18,40,42,46,59,49
2381, Wed,17,Oct,2018,1,5,6,20,51,54,56
2380, Sat,13,Oct,2018,19,26,40,52,56,58,38
2379, Wed,10,Oct,2018,10,49,50,53,54,56,4
2378, Sat,6,Oct,2018,23,26,30,32,37,39,5
2377, Wed,3,Oct,2018,3,5,11,25,27,45,18
2376, Sat,29,Sep,2018,17,36,40,44,54,58,27
2375, Wed,26,Sep,2018,3,8,37,39,47,59,42
2374, Sat,22,Sep,2018,5,16,18,20,25,55,36
2373, Wed,19,Sep,2018,7,20,25,26,34,40,59
2372, Sat,15,Sep,2018,25,42,48,50,55,58,44
2371, Wed,12,Sep,2018,11,12,13,14,54,56,36
2370, Sat,8,Sep,2018,7,19,33,34,52,53,48
2369, Wed,5,Sep,2018,12,18,22,23,48,59,47
2368, Sat,1,Sep,2018,3,21,22,38,46,55,50
2367, Wed,29,Aug,2018,19,23,30,50,51,54,55
2366, Sat,25,Aug,2018,9,22,33,39,41,56,48
2365, Wed,22,Aug,2018,15,20,21,25,34,47,36
2364, Sat,18,Aug,2018,1,2,6,12,13,55,11
2363, Wed,15,Aug,2018,3,28,34,41,48,58,54
2362, Sat,11,Aug,2018,1,3,10,18,19,37,57
2361, Wed,8,Aug,2018,8,19,20,27,31,34,7
2360, Sat,4,Aug,2018,5,17,23,25,34,51,52
2359, Wed,1,Aug,2018,15,17,18,34,46,54,4
2358, Sat,28,Jul,2018,11,29,31,32,38,45,10
2357, Wed,25,Jul,2018,5,19,20,23,30,43,6
2356, Sat,21,Jul,2018,9,13,16,25,40,46,52
2355, Wed,18,Jul,2018,22,34,44,49,51,53,33
2354, Sat,14,Jul,2018,4,8,13,26,41,55,58
2353, Wed,11,Jul,2018,8,11,17,25,33,46,13
2352, Sat,7,Jul,2018,17,18,29,48,52,54,1
2351, Wed,4,Jul,2018,8,13,22,46,52,58,7
2350, Sat,30,Jun,2018,6,28,32,45,46,49,50
2349, Wed,27,Jun,2018,4,41,45,54,57,58,26
2348, Sat,23,Jun,2018,1,10,15,25,31,47,53
2347, Wed,20,Jun,2018,15,22,26,35,41,43,1
2346, Sat,16,Jun,2018,10,18,36,37,41,46,8
2345, Wed,13,Jun,2018,5,15,22,33,38,45,11
2344, Sat,9,Jun,2018,3,17,20,55,56,58,57
2343, Wed,6,Jun,2018,12,22,31,35,42,58,55
2342, Sat,2,Jun,2018,4,32,38,43,51,58,10
2341, Wed,30,May,2018,4,5,8,26,32,39,16
2340, Sat,26,May,2018,9,14,19,29,39,40,3
2339, Wed,23,May,2018,1,15,17,32,36,45,5
2338, Sat,19,May,2018,1,3,34,36,48,52,22
2337, Wed,16,May,2018,4,22,26,32,48,54,57
2336, Sat,12,May,2018,1,15,21,30,35,44,5
2335, Wed,9,May,2018,18,21,25,30,56,59,5
2334, Sat,5,May,2018,2,9,14,49,52,56,41
2333, Wed,2,May,2018,4,8,10,26,38,48,41
2332, Sat,28,Apr,2018,3,11,37,38,43,44,20
2331, Wed,25,Apr,2018,5,14,18,40,41,50,12
2330, Sat,21,Apr,2018,2,8,9,12,20,57,38
2329, Wed,18,Apr,2018,4,11,21,39,41,59,58
2328, Sat,14,Apr,2018,10,40,42,46,47,48,38
2327, Wed,11,Apr,2018,21,25,32,52,56,59,28
2326, Sat,7,Apr,2018,1,4,31,33,52,55,13
2325, Wed,4,Apr,2018,1,9,15,26,38,43,14
2324, Sat,31,Mar,2018,6,8,20,26,35,36,39
2323, Wed,28,Mar,2018,2,6,7,15,52,54,45
2322, Sat,24,Mar,2018,3,11,16,36,43,59,49
2321, Wed,21,Mar,2018,2,35,44,51,54,55,45
2320, Sat,17,Mar,2018,7,8,13,24,45,46,39
2319, Wed,14,Mar,2018,7,19,38,45,47,53,15
2318, Sat,10,Mar,2018,3,7,36,42,53,59,50
2317, Wed,7,Mar,2018,8,10,22,37,55,57,29
2316, Sat,3,Mar,2018,15,19,20,29,42,50,36
2315, Wed,28,Feb,2018,9,10,27,30,33,45,29
2314, Sat,24,Feb,2018,2,11,35,40,48,55,7
2313, Wed,21,Feb,2018,14,25,29,30,35,53,38
2312, Sat,17,Feb,2018,5,8,9,10,38,53,56
2311, Wed,14,Feb,2018,2,8,33,46,48,50,5
2310, Sat,10,Feb,2018,3,12,15,29,51,58,13
2309, Wed,7,Feb,2018,5,19,29,34,40,45,57
2308, Sat,3,Feb,2018,8,26,27,29,49,58,38
2307, Wed,31,Jan,2018,5,19,21,42,44,57,18
2306, Sat,27,Jan,2018,29,33,43,45,49,56,16
2305, Wed,24,Jan,2018,1,22,39,44,48,59,5
2304, Sat,20,Jan,2018,2,10,19,28,29,31,47
2303, Wed,17,Jan,2018,30,33,37,43,55,56,46
2302, Sat,13,Jan,2018,6,7,9,18,35,46,5
2301, Wed,10,Jan,2018,6,11,27,29,40,55,45
2300, Sat,6,Jan,2018,18,28,31,32,44,51,50
2299, Wed,3,Jan,2018,11,19,20,30,35,49,44
2298, Sat,30,Dec,2017,33,37,42,47,55,58,34
2297, Wed,27,Dec,2017,18,36,48,57,58,59,50
2296, Sat,23,Dec,2017,20,32,36,44,47,56,41
2295, Wed,20,Dec,2017,10,20,28,38,41,46,16
2294, Sat,16,Dec,2017,22,25,35,45,46,57,14
2293, Wed,13,Dec,2017,6,14,23,24,43,58,40
2292, Sat,9,Dec,2017,2,32,37,39,46,54,19
2291, Wed,6,Dec,2017,3,19,24,31,50,52,16
2290, Sat,2,Dec,2017,4,9,13,32,46,50,52
2289, Wed,29,Nov,2017,20,32,42,43,53,58,8
2288, Sat,25,Nov,2017,4,7,29,45,54,56,8
2287, Wed,22,Nov,2017,2,16,17,27,36,37,42
2286, Sat,18,Nov,2017,1,20,24,36,54,58,11
2285, Wed,15,Nov,2017,2,11,22,36,51,59,7
2284, Sat,11,Nov,2017,4,16,27,30,41,49,54
2283, Wed,8,Nov,2017,2,17,25,32,42,49,4
2282, Sat,4,Nov,2017,6,20,23,29,35,53,57
2281, Wed,1,Nov,2017,13,14,18,19,21,36,53
2280, Sat,28,Oct,2017,8,15,33,42,55,58,53
2279, Wed,25,Oct,2017,1,3,11,37,49,58,21
2278, Sat,21,Oct,2017,3,31,37,41,44,59,32
2277, Wed,18,Oct,2017,11,12,15,22,27,44,7
2276, Sat,14,Oct,2017,6,22,40,43,47,58,42
2275, Wed,11,Oct,2017,17,38,49,54,55,56,13
2274, Sat,7,Oct,2017,15,20,30,37,47,51,21
2273, Wed,4,Oct,2017,12,20,32,38,48,54,5
2272, Sat,30,Sep,2017,13,18,21,30,50,54,20
2271, Wed,27,Sep,2017,30,35,45,47,52,55,40
2270, Sat,23,Sep,2017,17,18,26,39,54,56,57
2269, Wed,20,Sep,2017,8,20,25,50,51,58,45
2268, Sat,16,Sep,2017,1,6,31,37,49,50,38
2267, Wed,13,Sep,2017,4,11,14,21,29,56,27
2266, Sat,9,Sep,2017,4,7,13,49,56,58,6
2265, Wed,6,Sep,2017,16,30,34,50,52,53,46
2264, Sat,2,Sep,2017,30,33,35,40,41,59,8
2263, Wed,30,Aug,2017,34,42,46,57,58,59,38
2262, Sat,26,Aug,2017,20,25,34,41,42,52,58
2261, Wed,23,Aug,2017,8,16,21,41,44,56,45
2260, Sat,19,Aug,2017,12,25,39,46,52,55,3
2259, Wed,16,Aug,2017,7,17,28,43,44,45,54
2258, Sat,12,Aug,2017,10,27,49,52,55,56,17
2257, Wed,9,Aug,2017,5,9,25,34,51,59,44
2256, Sat,5,Aug,2017,14,24,30,45,49,56,27
2255, Wed,2,Aug,2017,4,6,24,35,45,52,8
2254, Sat,29,Jul,2017,1,26,41,55,56,59,36
2253, Wed,26,Jul,2017,5,10,29,35,55,56,30
2252, Sat,22,Jul,2017,5,13,21,35,41,47,23
2251, Wed,19,Jul,2017,2,6,14,16,25,36,42
2250, Sat,15,Jul,2017,7,8,14,47,56,58,23
2249, Wed,12,Jul,2017,7,14,19,38,40,45,18
2248, Sat,8,Jul,2017,1,11,18,27,32,50,25
2247, Wed,5,Jul,2017,16,18,25,27,29,57,4
2246, Sat,1,Jul,2017,2,19,36,52,54,59,6
2245, Wed,28,Jun,2017,2,10,21,23,54,56,44
2244, Sat,24,Jun,2017,4,16,26,39,42,54,24
2243, Wed,21,Jun,2017,1,3,5,11,15,43,48
2242, Sat,17,Jun,2017,1,11,16,20,24,44,42
2241, Wed,14,Jun,2017,2,4,14,23,34,46,45
2240, Sat,10,Jun,2017,10,18,28,35,36,50,2
2239, Wed,7,Jun,2017,6,8,12,36,37,41,50
2238, Sat,3,Jun,2017,12,19,21,38,47,51,48
2237, Wed,31,May,2017,18,23,28,52,56,59,36
2236, Sat,27,May,2017,20,22,31,39,41,54,33
2235, Wed,24,May,2017,3,30,44,45,55,59,37
2234, Sat,20,May,2017,7,8,13,29,43,53,16
2233, Wed,17,May,2017,3,19,20,24,30,38,41
2232, Sat,13,May,2017,7,14,15,21,23,57,52
2231, Wed,10,May,2017,7,12,17,35,37,58,25
2230, Sat,6,May,2017,5,34,36,38,39,48,30
2229, Wed,3,May,2017,13,22,24,34,41,57,40
2228, Sat,29,Apr,2017,24,29,30,36,46,48,7
2227, Wed,26,Apr,2017,12,15,30,43,47,59,41
2226, Sat,22,Apr,2017,4,6,34,37,42,52,24
2225, Wed,19,Apr,2017,4,27,47,54,55,59,45
2224, Sat,15,Apr,2017,8,10,16,19,23,31,48
2223, Wed,12,Apr,2017,3,16,34,42,49,52,50
2222, Sat,8,Apr,2017,14,23,36,45,47,50,21
2221, Wed,5,Apr,2017,10,16,18,32,42,45,30
2220, Sat,1,Apr,2017,1,2,11,23,25,54,14
2219, Wed,29,Mar,2017,5,6,16,32,42,51,39
2218, Sat,25,Mar,2017,39,48,52,53,54,58,28
2217, Wed,22,Mar,2017,6,11,12,19,27,31,42
2216, Sat,18,Mar,2017,3,8,19,26,37,41,43
2215, Wed,15,Mar,2017,6,24,27,38,39,58,55
2214, Sat,11,Mar,2017,6,15,23,29,55,57,46
2213, Wed,8,Mar,2017,11,19,22,42,43,49,48
2212, Sat,4,Mar,2017,24,38,39,40,49,56,21
2211, Wed,1,Mar,2017,2,7,21,22,47,53,42
2210, Sat,25,Feb,2017,18,24,34,38,41,49,26
2209, Wed,22,Feb,2017,1,16,28,31,38,54,5
2208, Sat,18,Feb,2017,11,13,21,37,49,59,4
2207, Wed,15,Feb,2017,17,23,28,38,47,56,31
2206, Sat,11,Feb,2017,15,18,23,42,43,52,28
2205, Wed,8,Feb,2017,7,23,41,44,49,54,37
2204, Sat,4,Feb,2017,6,9,27,30,40,50,22
2203, Wed,1,Feb,2017,6,8,15,31,45,58,39
2202, Sat,28,Jan,2017,5,21,23,34,43,45,20
2201, Wed,25,Jan,2017,4,9,20,23,37,53,39
2200, Sat,21,Jan,2017,4,13,37,40,52,58,51
2199, Wed,18,Jan,2017,8,14,20,27,28,53,45
2198, Sat,14,Jan,2017,14,19,21,36,53,54,33
2197, Wed,11,Jan,2017,21,26,29,35,46,59,10
2196, Sat,7,Jan,2017,8,16,33,36,45,51,38
2195, Wed,4,Jan,2017,10,29,37,42,48,49,32
2194, Sat,31,Dec,2016,10,17,35,41,51,54,25
2193, Wed,28,Dec,2016,5,40,47,48,52,54,33
2192, Sat,24,Dec,2016,16,19,29,46,54,58,12
2191, Wed,21,Dec,2016,10,13,22,35,42,52,27
2190, Sat,17,Dec,2016,2,11,18,32,40,54,8
2189, Wed,14,Dec,2016,3,7,8,9,40,58,36
2188, Sat,10,Dec,2016,11,26,31,32,33,46,20
2187, Wed,7,Dec,2016,16,27,31,32,44,58,42
2186, Sat,3,Dec,2016,3,8,9,19,21,54,31
2185, Wed,30,Nov,2016,10,20,25,39,45,55,22
2184, Sat,26,Nov,2016,1,2,28,40,48,49,17
2183, Wed,23,Nov,2016,2,4,8,25,38,39,29
2182, Sat,19,Nov,2016,5,7,8,16,28,37,40
2181, Wed,16,Nov,2016,7,12,33,47,50,51,40
2180, Sat,12,Nov,2016,3,11,16,31,44,55,8
2179, Wed,9,Nov,2016,12,13,30,34,39,52,38
2178, Sat,5,Nov,2016,8,12,16,26,45,49,27
2177, Wed,2,Nov,2016,5,14,19,24,31,38,29
2176, Sat,29,Oct,2016,7,8,16,24,29,58,42
2175, Wed,26,Oct,2016,5,11,27,29,52,53,13
2174, Sat,22,Oct,2016,9,19,26,27,45,50,23
2173, Wed,19,Oct,2016,2,3,4,32,54,59,12
2172, Sat,15,Oct,2016,14,16,25,42,46,51,53
2171, Wed,12,Oct,2016,2,22,29,30,36,58,53
2170, Sat,8,Oct,2016,11,17,20,32,40,42,27
2169, Wed,5,Oct,2016,11,16,25,37,43,44,39
2168, Sat,1,Oct,2016,4,5,18,28,43,58,55
2167, Wed,28,Sep,2016,19,29,37,41,51,53,55
2166, Sat,24,Sep,2016,11,24,34,43,44,47,42
2165, Wed,21,Sep,2016,20,21,28,33,49,56,43
2164, Sat,17,Sep,2016,10,14,25,29,52,54,37
2163, Wed,14,Sep,2016,16,23,35,42,44,58,28
2162, Sat,10,Sep,2016,6,17,37,46,47,51,2
2161, Wed,7,Sep,2016,3,10,12,29,30,44,11
2160, Sat,3,Sep,2016,2,6,17,28,38,55,37
2159, Wed,31,Aug,2016,15,16,26,45,47,49,50
2158, Sat,27,Aug,2016,5,10,22,23,34,54,8
2157, Wed,24,Aug,2016,4,10,15,37,38,59,1
2156, Sat,20,Aug,2016,8,18,26,35,41,52,17
2155, Wed,17,Aug,2016,4,15,27,36,37,59,55
2154, Sat,13,Aug,2016,12,20,31,39,43,46,38
2153, Wed,10,Aug,2016,11,17,35,36,40,59,39
2152, Sat,6,Aug,2016,34,39,42,47,53,54,8
2151, Wed,3,Aug,2016,16,17,22,38,41,55,5
2150, Sat,30,Jul,2016,14,26,28,41,51,57,48
2149, Wed,27,Jul,2016,9,24,26,38,40,46,30
2148, Sat,23,Jul,2016,19,20,30,37,54,59,25
2147, Wed,20,Jul,2016,18,29,30,37,46,59,23
2146, Sat,16,Jul,2016,10,14,17,32,36,50,41
2145, Wed,13,Jul,2016,1,22,30,34,57,58,51
2144, Sat,9,Jul,2016,1,3,22,29,36,42,12
2143, Wed,6,Jul,2016,1,3,20,24,38,39,4
2142, Sat,2,Jul,2016,3,9,16,19,24,43,13
2141, Wed,29,Jun,2016,10,19,21,45,46,56,2
2140, Sat,25,Jun,2016,13,14,18,22,24,56,16
2139, Wed,22,Jun,2016,11,25,36,39,40,57,37
2138, Sat,18,Jun,2016,10,17,26,31,35,38,47
2137, Wed,15,Jun,2016,2,14,19,20,29,38,27
2136, Sat,11,Jun,2016,4,17,30,38,47,55,3
2135, Wed,8,Jun,2016,28,33,43,49,55,58,21
2134, Sat,4,Jun,2016,7,32,34,48,55,58,30
2133, Wed,1,Jun,2016,23,27,36,39,41,49,6
2132, Sat,28,May,2016,8,10,36,40,52,57,59
2131, Wed,25,May,2016,6,20,33,44,45,55,16
2130, Sat,21,May,2016,6,7,19,28,30,52,46
2129, Wed,18,May,2016,1,3,28,34,37,46,59
2128, Sat,14,May,2016,9,12,23,24,32,51,16
2127, Wed,11,May,2016,13,22,23,33,49,54,53
2126, Sat,7,May,2016,4,14,17,27,34,36,28
2125, Wed,4,May,2016,1,2,3,4,20,21,22
2124, Sat,30,Apr,2016,1,2,5,38,53,56,31
2123, Wed,27,Apr,2016,12,24,29,34,39,57,28
2122, Sat,23,Apr,2016,2,14,26,35,44,59,24
2121, Wed,20,Apr,2016,1,7,9,10,12,31,28
2120, Sat,16,Apr,2016,2,5,14,42,51,55,54
2119, Wed,13,Apr,2016,13,15,17,19,35,57,21
2118, Sat,9,Apr,2016,20,22,25,34,47,51,18
2117, Wed,6,Apr,2016,15,17,31,41,50,57,5
2116, Sat,2,Apr,2016,7,14,20,33,47,55,15
2115, Wed,30,Mar,2016,5,13,24,31,40,41,7
2114, Sat,26,Mar,2016,5,12,43,51,53,57,28
2113, Wed,23,Mar,2016,7,14,21,35,41,42,43
2112, Sat,19,Mar,2016,21,27,31,34,40,54,22
2111, Wed,16,Mar,2016,13,14,31,42,44,58,1
2110, Sat,12,Mar,2016,13,21,30,39,51,56,1
2109, Wed,9,Mar,2016,26,31,35,37,40,49,36
2108, Sat,5,Mar,2016,11,19,29,37,40,41,47
2107, Wed,2,Mar,2016,4,15,21,26,39,58,20
2106, Sat,27,Feb,2016,11,14,22,37,53,56,55
2105, Wed,24,Feb,2016,4,14,18,19,26,27,25
2104, Sat,20,Feb,2016,2,17,35,41,57,59,42
2103, Wed,17,Feb,2016,5,15,33,47,51,59,7
2102, Sat,13,Feb,2016,15,16,23,39,48,59,36
2101, Wed,10,Feb,2016,2,13,25,32,37,39,48
2100, Sat,6,Feb,2016,10,12,18,34,52,56,50
2099, Wed,3,Feb,2016,23,25,34,36,37,54,49
2098, Sat,30,Jan,2016,1,6,21,31,41,44,42
2097, Wed,27,Jan,2016,8,38,41,42,50,58,24
2096, Sat,23,Jan,2016,8,9,10,11,41,54,24
2095, Wed,20,Jan,2016,18,36,37,38,54,57,14
2094, Sat,16,Jan,2016,1,8,12,25,43,52,38
2093, Wed,13,Jan,2016,4,12,38,46,57,59,8
2092, Sat,9,Jan,2016,26,27,46,47,52,58,48
2091, Wed,6,Jan,2016,8,30,40,50,54,57,13
2090, Sat,2,Jan,2016,12,25,29,40,48,56,52
2089, Wed,30,Dec,2015,22,31,47,52,55,59,23
2088, Sat,26,Dec,2015,17,21,31,38,44,58,20
2087, Wed,23,Dec,2015,1,2,4,19,28,41,32
2086, Sat,19,Dec,2015,13,14,27,46,48,50,42
2085, Wed,16,Dec,2015,10,12,35,46,48,57,14
2084, Sat,12,Dec,2015,15,22,25,40,53,57,23
2083, Wed,9,Dec,2015,3,8,14,28,34,53,32
2082, Sat,5,Dec,2015,10,11,15,50,51,56,23
2081, Wed,2,Dec,2015,9,11,14,28,37,42,12
2080, Sat,28,Nov,2015,7,12,20,24,34,52,18
2079, Wed,25,Nov,2015,18,29,38,41,43,57,8
2078, Sat,21,Nov,2015,2,8,10,11,32,47,18
2077, Wed,18,Nov,2015,9,23,30,46,49,55,37
2076, Sat,14,Nov,2015,2,23,39,54,55,57,11
2075, Wed,11,Nov,2015,2,17,27,28,51,52,14
2074, Sat,7,Nov,2015,2,3,34,43,49,50,38
2073, Wed,4,Nov,2015,11,13,18,25,29,47,59
2072, Sat,31,Oct,2015,26,39,41,42,55,59,16
2071, Wed,28,Oct,2015,26,36,41,46,49,52,9
2070, Sat,24,Oct,2015,29,31,43,55,58,59,11
2069, Wed,21,Oct,2015,13,14,21,25,51,53,39
2068, Sat,17,Oct,2015,8,30,37,40,46,50,36
2067, Wed,14,Oct,2015,7,13,20,27,39,52,35
2066, Sat,10,Oct,2015,2,3,16,32,53,54,8
2065, Wed,7,Oct,2015,5,7,11,30,44,49,25
2064, Sat,3,Oct,2015,7,8,9,14,35,44,4
2063, Wed,30,Sep,2015,5,8,11,17,40,45,6
2062, Sat,26,Sep,2015,9,17,31,33,41,42,26
2061, Wed,23,Sep,2015,9,17,21,23,35,36,37
2060, Sat,19,Sep,2015,14,26,28,31,32,44,22
2059, Wed,16,Sep,2015,12,14,21,22,37,43,36
2058, Sat,12,Sep,2015,14,20,28,31,40,46,44
2057, Wed,9,Sep,2015,6,18,20,21,29,31,3
2056, Sat,5,Sep,2015,24,29,33,40,43,49,22
2055, Wed,2,Sep,2015,2,9,27,29,33,40,46
2054, Sat,29,Aug,2015,12,18,23,33,42,43,10
2053, Wed,26,Aug,2015,3,4,7,18,48,49,32
2052, Sat,22,Aug,2015,7,19,22,28,40,44,31
2051, Wed,19,Aug,2015,5,6,7,25,27,33,34
2050, Sat,15,Aug,2015,4,8,10,21,41,49,28
2049, Wed,12,Aug,2015,6,15,17,20,24,25,37
2048, Sat,8,Aug,2015,6,22,28,30,39,44,33
2047, Wed,5,Aug,2015,5,8,12,28,39,41,18
2046, Sat,1,Aug,2015,1,16,27,42,46,47,24
2045, Wed,29,Jul,2015,18,21,31,42,45,47,19
2044, Sat,25,Jul,2015,2,4,5,15,20,48,37
2043, Wed,22,Jul,2015,7,23,26,33,38,45,29
2042, Sat,18,Jul,2015,8,15,17,33,41,47,35
2041, Wed,15,Jul,2015,4,7,14,21,22,29,41
2040, Sat,11,Jul,2015,6,12,32,36,38,47,1
2039, Wed,8,Jul,2015,3,10,35,38,40,41,27
2038, Sat,4,Jul,2015,13,14,35,39,46,49,3
2037, Wed,1,Jul,2015,4,10,13,18,29,33,49
2036, Sat,27,Jun,2015,2,4,8,21,30,38,22
2035, Wed,24,Jun,2015,14,23,28,33,35,42,4
2034, Sat,20,Jun,2015,1,6,23,25,32,35,27
2033, Wed,17,Jun,2015,2,8,12,15,21,42,22
2032, Sat,13,Jun,2015,18,23,25,37,39,47,17
2031, Wed,10,Jun,2015,23,29,30,39,42,49,5
2030, Sat,6,Jun,2015,10,14,19,24,28,33,6
2029, Wed,3,Jun,2015,17,32,39,40,43,49,2
2028, Sat,30,May,2015,6,7,23,27,38,49,24
2027, Wed,27,May,2015,12,27,28,39,41,48,3
2026, Sat,23,May,2015,1,8,22,30,34,40,25
2025, Wed,20,May,2015,6,9,22,38,39,41,37
2024, Sat,16,May,2015,7,11,15,32,46,48,17
2023, Wed,13,May,2015,1,5,21,33,34,47,31
2022, Sat,9,May,2015,5,17,22,31,40,48,18
2021, Wed,6,May,2015,1,11,14,15,19,41,40
2020, Sat,2,May,2015,7,10,11,30,31,42,36
2019, Wed,29,Apr,2015,3,4,25,27,42,45,7
2018, Sat,25,Apr,2015,4,11,27,28,30,49,47
2017, Wed,22,Apr,2015,15,21,28,35,42,43,23
2016, Sat,18,Apr,2015,1,23,27,36,43,45,10
2015, Wed,15,Apr,2015,1,18,22,25,31,39,42
2014, Sat,11,Apr,2015,17,22,24,28,33,46,19
2013, Wed,8,Apr,2015,18,28,30,31,41,46,1
2012, Sat,4,Apr,2015,1,18,20,31,38,47,43
2011, Wed,1,Apr,2015,11,15,18,22,41,49,37
2010, Sat,28,Mar,2015,3,4,6,21,23,44,48
2009, Wed,25,Mar,2015,3,17,20,24,38,43,12
2008, Sat,21,Mar,2015,1,5,7,21,37,49,30
2007, Wed,18,Mar,2015,4,7,9,17,20,48,11
2006, Sat,14,Mar,2015,6,17,24,29,33,36,45
2005, Wed,11,Mar,2015,7,9,21,22,24,47,25
2004, Sat,7,Mar,2015,2,17,21,26,30,48,31
2003, Wed,4,Mar,2015,3,8,19,27,42,43,46
2002, Sat,28,Feb,2015,4,7,9,10,19,47,43
2001, Wed,25,Feb,2015,12,14,15,20,40,41,42
2000, Sat,21,Feb,2015,1,19,24,27,38,48,36
1999, Wed,18,Feb,2015,21,23,25,34,42,49,30
1998, Sat,14,Feb,2015,7,20,23,29,40,46,22
1997, Wed,11,Feb,2015,8,9,10,21,35,41,22
1996, Sat,7,Feb,2015,3,6,15,17,18,35,22
1995, Wed,4,Feb,2015,10,13,17,22,40,46,32
1994, Sat,31,Jan,2015,7,10,16,33,39,44,15
1993, Wed,28,Jan,2015,3,4,17,24,30,34,36
1992, Sat,24,Jan,2015,4,8,19,35,44,49,17
1991, Wed,21,Jan,2015,1,6,32,34,37,45,26
1990, Sat,17,Jan,2015,29,37,42,46,47,49,4
1989, Wed,14,Jan,2015,17,20,28,29,33,36,23
1988, Sat,10,Jan,2015,13,14,16,24,41,43,39
1987, Wed,7,Jan,2015,4,5,10,12,20,23,24
1986, Sat,3,Jan,2015,10,15,17,18,19,31,24
1985, Wed,31,Dec,2014,12,18,22,37,38,49,35
1984, Sat,27,Dec,2014,11,23,28,30,32,46,49
1983, Wed,24,Dec,2014,7,9,13,44,47,48,22
1982, Sat,20,Dec,2014,18,22,23,32,40,42,28
1981, Wed,17,Dec,2014,2,19,24,33,35,46,12
1980, Sat,13,Dec,2014,18,30,33,34,38,48,36
1979, Wed,10,Dec,2014,14,15,31,36,42,47,1
1978, Sat,6,Dec,2014,19,23,40,43,45,49,8
1977, Wed,3,Dec,2014,4,17,19,25,35,37,7
1976, Sat,29,Nov,2014,6,11,18,19,38,42,17
1975, Wed,26,Nov,2014,26,28,29,30,41,49,31
1974, Sat,22,Nov,2014,2,3,5,15,22,29,26
1973, Wed,19,Nov,2014,2,15,35,36,38,39,4
1972, Sat,15,Nov,2014,5,26,28,30,42,44,40
1971, Wed,12,Nov,2014,5,9,10,13,41,44,39
1970, Sat,8,Nov,2014,6,7,22,27,35,42,1
1969, Wed,5,Nov,2014,2,5,21,25,34,36,28
1968, Sat,1,Nov,2014,3,5,9,28,35,47,14
1967, Wed,29,Oct,2014,13,14,17,25,31,49,18
1966, Sat,25,Oct,2014,11,15,17,30,43,49,3
1965, Wed,22,Oct,2014,5,24,28,36,42,47,8
1964, Sat,18,Oct,2014,1,22,30,33,40,47,42
1963, Wed,15,Oct,2014,6,19,24,26,42,43,23
1962, Sat,11,Oct,2014,2,5,8,23,26,32,18
1961, Wed,8,Oct,2014,4,27,28,29,34,43,20
1960, Sat,4,Oct,2014,4,18,24,34,36,48,10
1959, Wed,1,Oct,2014,1,4,5,7,18,47,6
1958, Sat,27,Sep,2014,1,3,7,19,20,46,15
1957, Wed,24,Sep,2014,4,8,29,33,38,48,15
1956, Sat,20,Sep,2014,2,6,22,26,33,48,43
1955, Wed,17,Sep,2014,9,19,22,34,41,46,6
1954, Sat,13,Sep,2014,12,15,22,29,30,35,44
1953, Wed,10,Sep,2014,13,16,18,24,31,43,2
1952, Sat,6,Sep,2014,11,29,32,37,40,48,14
1951, Wed,3,Sep,2014,12,22,23,27,34,35,25
1950, Sat,30,Aug,2014,1,19,20,30,35,46,40
1949, Wed,27,Aug,2014,5,17,29,36,37,49,2
1948, Sat,23,Aug,2014,1,7,11,38,41,42,45
1947, Wed,20,Aug,2014,6,12,15,24,35,47,22
1946, Sat,16,Aug,2014,1,3,25,33,36,42,14
1945, Wed,13,Aug,2014,5,9,11,20,23,30,45
1944, Sat,9,Aug,2014,16,36,40,43,45,47,10
1943, Wed,6,Aug,2014,17,21,29,33,35,46,28
1942, Sat,2,Aug,2014,13,23,28,37,42,45,25
1941, Wed,30,Jul,2014,2,5,11,22,24,42,1
1940, Sat,26,Jul,2014,8,14,22,26,35,37,11
1939, Wed,23,Jul,2014,14,18,20,30,43,47,35
1938, Sat,19,Jul,2014,5,9,14,25,34,38,40
1937, Wed,16,Jul,2014,4,11,22,27,47,49,33
1936, Sat,12,Jul,2014,3,19,23,28,37,43,34
1935, Wed,9,Jul,2014,3,8,11,12,39,43,18
1934, Sat,5,Jul,2014,8,15,23,24,28,34,9
1933, Wed,2,Jul,2014,1,18,20,38,43,48,42
1932, Sat,28,Jun,2014,8,12,28,30,43,49,42
1931, Wed,25,Jun,2014,5,15,19,25,34,36,40
1930, Sat,21,Jun,2014,3,7,13,17,27,40,19
1929, Wed,18,Jun,2014,10,11,18,23,26,37,6
1928, Sat,14,Jun,2014,9,18,22,23,29,33,15
1927, Wed,11,Jun,2014,11,13,14,28,40,42,48
1926, Sat,7,Jun,2014,5,10,16,23,31,44,37
1925, Wed,4,Jun,2014,14,19,30,31,47,48,16
1924, Sat,31,May,2014,7,9,18,24,39,40,4
1923, Wed,28,May,2014,18,26,32,36,40,45,21
1922, Sat,24,May,2014,10,31,35,40,41,44,46
1921, Wed,21,May,2014,2,5,9,28,29,48,36
1920, Sat,17,May,2014,10,19,20,33,43,46,25
1919, Wed,14,May,2014,15,26,29,35,36,41,19
1918, Sat,10,May,2014,3,5,8,10,16,17,46
1917, Wed,7,May,2014,16,17,22,38,44,49,14
1916, Sat,3,May,2014,1,7,9,27,30,48,28
1915, Wed,30,Apr,2014,9,25,34,37,44,45,6
1914, Sat,26,Apr,2014,17,22,23,33,36,42,12
1913, Wed,23,Apr,2014,16,18,29,34,35,39,40
1912, Sat,19,Apr,2014,13,20,31,34,36,44,11
1911, Wed,16,Apr,2014,1,6,10,23,25,40,32
1910, Sat,12,Apr,2014,4,17,22,26,31,47,32
1909, Wed,9,Apr,2014,8,17,20,32,41,43,9
1908, Sat,5,Apr,2014,3,7,20,31,43,45,41
1907, Wed,2,Apr,2014,14,16,20,38,39,45,23
1906, Sat,29,Mar,2014,8,14,16,21,47,49,29
1905, Wed,26,Mar,2014,20,29,33,35,37,40,5
1904, Sat,22,Mar,2014,17,20,28,39,43,44,40
1903, Wed,19,Mar,2014,4,21,25,27,31,49,26
1902, Sat,15,Mar,2014,14,19,22,25,38,48,8
1901, Wed,12,Mar,2014,11,12,16,20,35,46,34
1900, Sat,8,Mar,2014,2,9,12,26,31,44,5
1899, Wed,5,Mar,2014,1,4,5,8,25,46,30
1898, Sat,1,Mar,2014,4,9,10,13,29,40,45
1897, Wed,26,Feb,2014,3,10,11,24,25,35,43
1896, Sat,22,Feb,2014,19,23,34,35,39,49,33
1895, Wed,19,Feb,2014,17,19,35,37,46,48,2
1894, Sat,15,Feb,2014,15,17,19,22,33,40,27
1893, Wed,12,Feb,2014,3,7,20,24,30,39,48
1892, Sat,8,Feb,2014,8,25,27,36,39,44,4
1891, Wed,5,Feb,2014,12,13,28,33,46,49,29
1890, Sat,1,Feb,2014,27,34,35,36,41,48,29
1889, Wed,29,Jan,2014,9,29,37,38,42,46,35
1888, Sat,25,Jan,2014,4,15,21,30,41,49,11
1887, Wed,22,Jan,2014,2,6,9,18,24,35,19
1886, Sat,18,Jan,2014,7,12,23,27,30,31,33
1885, Wed,15,Jan,2014,4,11,13,24,32,46,19
1884, Sat,11,Jan,2014,22,23,25,27,28,46,24
1883, Wed,8,Jan,2014,19,23,31,36,45,46,27
1882, Sat,4,Jan,2014,4,11,18,28,41,44,8
1881, Wed,1,Jan,2014,9,12,16,22,26,48,14
1880, Sat,28,Dec,2013,16,24,25,30,34,45,49
1879, Wed,25,Dec,2013,4,8,9,10,21,24,31
1878, Sat,21,Dec,2013,12,18,25,28,33,40,17
1877, Wed,18,Dec,2013,2,7,25,35,40,42,13
1876, Sat,14,Dec,2013,13,21,24,29,35,41,8
1875, Wed,11,Dec,2013,1,8,10,14,18,37,27
1874, Sat,7,Dec,2013,10,12,17,28,30,42,25
1873, Wed,4,Dec,2013,6,12,16,18,21,29,26
1872, Sat,30,Nov,2013,9,16,19,31,36,37,15
1871, Wed,27,Nov,2013,15,19,22,25,42,48,14
1870, Sat,23,Nov,2013,12,16,22,35,38,48,15
1869, Wed,20,Nov,2013,5,11,15,23,35,39,44
1868, Sat,16,Nov,2013,3,19,21,30,41,47,38
1867, Wed,13,Nov,2013,4,6,15,23,36,44,11
1866, Sat,9,Nov,2013,1,2,6,29,32,47,13
1865, Wed,6,Nov,2013,5,6,14,18,29,33,7
1864, Sat,2,Nov,2013,10,28,32,36,37,49,27
1863, Wed,30,Oct,2013,20,23,26,29,34,41,32
1862, Sat,26,Oct,2013,10,14,20,22,45,49,9
1861, Wed,23,Oct,2013,10,18,27,37,41,47,33
1860, Sat,19,Oct,2013,3,12,19,21,29,31,15
1859, Wed,16,Oct,2013,12,15,24,26,31,35,36
1858, Sat,12,Oct,2013,5,12,21,26,33,45,35
1857, Wed,9,Oct,2013,4,11,27,34,36,45,9
1856, Sat,5,Oct,2013,5,15,17,19,20,47,38
1855, Wed,2,Oct,2013,16,17,21,27,30,37,15
1854, Sat,28,Sep,2013,10,12,14,25,46,48,31
1853, Wed,25,Sep,2013,5,7,20,24,30,41,37
1852, Sat,21,Sep,2013,11,15,36,37,38,45,9
1851, Wed,18,Sep,2013,2,4,5,17,22,29,14
1850, Sat,14,Sep,2013,18,20,24,30,39,48,46
1849, Wed,11,Sep,2013,7,24,27,31,40,41,33
1848, Sat,7,Sep,2013,1,11,12,13,35,42,5
1847, Wed,4,Sep,2013,6,7,8,13,24,28,18
1846, Sat,31,Aug,2013,4,14,15,17,21,31,48
1845, Wed,28,Aug,2013,1,5,17,19,37,47,11
1844, Sat,24,Aug,2013,5,20,26,40,42,48,1
1843, Wed,21,Aug,2013,3,4,27,29,47,49,23
1842, Sat,17,Aug,2013,15,25,26,33,34,41,43
1841, Wed,14,Aug,2013,12,18,38,39,45,49,19
1840, Sat,10,Aug,2013,14,15,17,26,35,46,18
1839, Wed,7,Aug,2013,3,16,20,26,28,43,15
1838, Sat,3,Aug,2013,3,5,9,13,17,37,15
1837, Wed,31,Jul,2013,10,16,33,38,40,44,32
1836, Sat,27,Jul,2013,12,13,18,39,43,49,37
1835, Wed,24,Jul,2013,22,26,30,40,42,47,4
1834, Sat,20,Jul,2013,1,3,17,19,39,42,31
1833, Wed,17,Jul,2013,6,24,33,38,42,43,11
1832, Sat,13,Jul,2013,12,15,24,36,45,49,32
1831, Wed,10,Jul,2013,3,9,10,16,20,22,35
1830, Sat,6,Jul,2013,16,24,27,39,45,49,44
1829, Wed,3,Jul,2013,15,27,31,40,41,49,1
1828, Sat,29,Jun,2013,7,13,25,31,34,45,4
1827, Wed,26,Jun,2013,8,11,29,34,40,41,35
1826, Sat,22,Jun,2013,8,24,26,28,36,43,34
1825, Wed,19,Jun,2013,6,9,13,35,36,47,31
1824, Sat,15,Jun,2013,3,4,16,20,33,44,27
1823, Wed,12,Jun,2013,2,7,10,15,17,28,24
1822, Sat,8,Jun,2013,8,9,13,17,41,43,14
1821, Wed,5,Jun,2013,10,18,35,38,41,43,21
1820, Sat,1,Jun,2013,11,13,24,32,34,47,9
1819, Wed,29,May,2013,3,5,25,33,34,35,14
1818, Sat,25,May,2013,5,6,26,30,33,40,43
1817, Wed,22,May,2013,10,23,35,39,45,46,1
1816, Sat,18,May,2013,3,5,24,31,48,49,15
1815, Wed,15,May,2013,4,5,6,20,30,35,34
1814, Sat,11,May,2013,9,12,24,25,26,43,3
1813, Wed,8,May,2013,12,15,20,31,33,40,38
1812, Sat,4,May,2013,11,12,22,27,40,44,37
1811, Wed,1,May,2013,7,8,11,12,39,42,2
1810, Sat,27,Apr,2013,1,13,25,39,41,44,26
1809, Wed,24,Apr,2013,9,11,16,17,18,38,47
1808, Sat,20,Apr,2013,8,34,38,42,44,46,14
1807, Wed,17,Apr,2013,12,14,16,18,20,33,35
1806, Sat,13,Apr,2013,3,13,23,27,41,49,6
1805, Wed,10,Apr,2013,3,16,27,33,36,42,12
1804, Sat,6,Apr,2013,11,21,22,41,47,48,36
1803, Wed,3,Apr,2013,5,11,21,32,42,48,28
1802, Sat,30,Mar,2013,8,15,24,40,43,45,33
1801, Wed,27,Mar,2013,8,10,22,24,37,44,2
1800, Sat,23,Mar,2013,3,14,16,19,37,44,31
1799, Wed,20,Mar,2013,4,11,14,27,43,46,42
1798, Sat,16,Mar,2013,1,11,12,27,48,49,19
1797, Wed,13,Mar,2013,6,8,21,23,41,46,5
1796, Sat,9,Mar,2013,12,19,25,36,44,46,18
1795, Wed,6,Mar,2013,3,9,14,38,42,47,19
1794, Sat,2,Mar,2013,6,9,23,31,35,48,11
1793, Wed,27,Feb,2013,2,14,20,23,24,30,22
1792, Sat,23,Feb,2013,2,16,25,30,31,32,36
1791, Wed,20,Feb,2013,3,6,36,44,45,48,47
1790, Sat,16,Feb,2013,7,20,27,39,46,48,49
1789, Wed,13,Feb,2013,6,14,20,23,29,49,48
1788, Sat,9,Feb,2013,8,10,27,34,40,41,48
1787, Wed,6,Feb,2013,9,10,16,18,27,42,43
1786, Sat,2,Feb,2013,2,12,13,14,21,30,39
1785, Wed,30,Jan,2013,9,10,24,43,47,48,5
1784, Sat,26,Jan,2013,2,6,21,29,34,47,11
1783, Wed,23,Jan,2013,6,10,14,24,32,41,29
1782, Sat,19,Jan,2013,5,9,13,16,35,39,11
1781, Wed,16,Jan,2013,5,12,13,35,38,47,45
1780, Sat,12,Jan,2013,3,7,11,12,24,27,13
1779, Wed,9,Jan,2013,5,21,24,25,39,48,32
1778, Sat,5,Jan,2013,10,15,17,21,37,47,2
1777, Wed,2,Jan,2013,7,9,20,21,30,37,42
1776, Sat,29,Dec,2012,6,8,31,37,40,48,36
1775, Wed,26,Dec,2012,3,11,17,39,47,49,34
1774, Sat,22,Dec,2012,4,14,28,34,43,44,13
1773, Wed,19,Dec,2012,4,26,33,41,48,49,19
1772, Sat,15,Dec,2012,6,19,22,23,28,29,18
1771, Wed,12,Dec,2012,9,15,18,33,38,44,16
1770, Sat,8,Dec,2012,29,33,35,36,45,48,27
1769, Wed,5,Dec,2012,3,4,14,31,48,49,45
1768, Sat,1,Dec,2012,5,27,31,32,38,49,1
1767, Wed,28,Nov,2012,14,28,37,38,45,48,18
1766, Sat,24,Nov,2012,2,4,27,34,39,44,37
1765, Wed,21,Nov,2012,4,12,19,22,36,40,44
1764, Sat,17,Nov,2012,17,19,20,21,25,26,14
1763, Wed,14,Nov,2012,14,15,17,29,30,33,37
1762, Sat,10,Nov,2012,10,23,24,25,30,37,45
1761, Wed,7,Nov,2012,14,19,35,36,40,45,48
1760, Sat,3,Nov,2012,5,7,9,17,20,45,10
1759, Wed,31,Oct,2012,7,30,32,36,40,41,45
1758, Sat,27,Oct,2012,7,14,20,30,33,46,27
1757, Wed,24,Oct,2012,1,10,19,36,47,48,11
1756, Sat,20,Oct,2012,9,10,24,37,39,40,36
1755, Wed,17,Oct,2012,4,7,19,21,39,49,26
1754, Sat,13,Oct,2012,14,26,30,32,36,48,15
1753, Wed,10,Oct,2012,15,19,23,29,30,46,2
1752, Sat,6,Oct,2012,1,11,16,18,27,42,4
1751, Wed,3,Oct,2012,3,9,11,29,45,46,19
1750, Sat,29,Sep,2012,1,6,7,8,25,42,39
1749, Wed,26,Sep,2012,6,8,11,39,40,43,22
1748, Sat,22,Sep,2012,10,13,29,31,36,45,44
1747, Wed,19,Sep,2012,5,14,19,23,33,48,40
1746, Sat,15,Sep,2012,14,18,19,35,44,45,33
1745, Wed,12,Sep,2012,14,16,21,22,24,41,32
1744, Sat,8,Sep,2012,8,15,21,26,28,32,29
1743, Wed,5,Sep,2012,17,22,26,27,39,41,43
1742, Sat,1,Sep,2012,15,30,36,39,41,49,2
1741, Wed,29,Aug,2012,4,7,12,28,32,37,14
1740, Sat,25,Aug,2012,12,18,23,31,44,48,40
1739, Wed,22,Aug,2012,3,11,23,28,30,48,29
1738, Sat,18,Aug,2012,21,27,38,42,44,46,41
1737, Wed,15,Aug,2012,10,14,35,36,37,46,43
1736, Sat,11,Aug,2012,1,5,14,18,34,44,23
1735, Wed,8,Aug,2012,6,14,19,22,30,36,23
1734, Sat,4,Aug,2012,8,10,15,21,23,45,43
1733, Wed,1,Aug,2012,13,20,24,27,33,39,6
1732, Sat,28,Jul,2012,7,10,22,29,43,44,26
1731, Wed,25,Jul,2012,8,14,15,22,41,48,43
1730, Sat,21,Jul,2012,5,14,20,40,41,42,8
1729, Wed,18,Jul,2012,11,26,34,38,40,46,7
1728, Sat,14,Jul,2012,13,27,29,42,43,46,28
1727, Wed,11,Jul,2012,12,19,28,29,38,49,30
1726, Sat,7,Jul,2012,5,22,23,30,33,45,6
1725, Wed,4,Jul,2012,3,9,14,19,34,38,36
1724, Sat,30,Jun,2012,1,18,19,24,30,38,41
1723, Wed,27,Jun,2012,10,22,29,39,46,47,9
1722, Sat,23,Jun,2012,3,25,28,30,39,45,5
1721, Wed,20,Jun,2012,6,10,12,30,36,49,4
1720, Sat,16,Jun,2012,3,19,21,37,40,49,35
1719, Wed,13,Jun,2012,12,25,29,34,45,47,16
1718, Sat,9,Jun,2012,5,14,24,26,37,44,30
1717, Wed,6,Jun,2012,9,17,20,27,37,41,3
1716, Sat,2,Jun,2012,16,18,20,25,29,34,15
1715, Wed,30,May,2012,7,14,25,33,45,48,11
1714, Sat,26,May,2012,2,6,7,15,25,44,45
1713, Wed,23,May,2012,3,4,18,24,44,49,17
1712, Sat,19,May,2012,1,19,39,40,42,46,22
1711, Wed,16,May,2012,5,6,21,41,48,49,37
1710, Sat,12,May,2012,1,5,18,21,23,33,20
1709, Wed,9,May,2012,2,7,8,10,22,23,46
1708, Sat,5,May,2012,4,13,17,26,27,40,36
1707, Wed,2,May,2012,18,22,25,35,39,41,31
1706, Sat,28,Apr,2012,1,3,9,23,37,46,6
1705, Wed,25,Apr,2012,8,13,18,21,40,44,42
1704, Sat,21,Apr,2012,10,23,25,34,41,47,30
1703, Wed,18,Apr,2012,7,8,16,22,24,28,48
1702, Sat,14,Apr,2012,1,5,15,22,26,42,40
1701, Wed,11,Apr,2012,20,27,33,41,44,46,12
1700, Sat,7,Apr,2012,12,16,23,25,31,42,18
1699, Wed,4,Apr,2012,9,23,26,33,40,44,31
1698, Sat,31,Mar,2012,2,5,18,40,47,49,19
1697, Wed,28,Mar,2012,3,8,16,22,38,39,26
1696, Sat,24,Mar,2012,6,24,27,31,39,45,32
1695, Wed,21,Mar,2012,10,14,21,25,39,45,40
1694, Sat,17,Mar,2012,1,3,16,20,37,40,15
1693, Wed,14,Mar,2012,14,15,18,26,31,36,48
1692, Sat,10,Mar,2012,1,3,12,23,37,43,33
1691, Wed,7,Mar,2012,2,8,11,28,35,44,17
1690, Sat,3,Mar,2012,7,20,23,28,31,40,42
1689, Wed,29,Feb,2012,13,14,29,41,46,49,43
1688, Sat,25,Feb,2012,7,25,26,27,29,32,33
1687, Wed,22,Feb,2012,7,12,15,35,43,49,8
1686, Sat,18,Feb,2012,2,19,22,30,33,41,24
1685, Wed,15,Feb,2012,9,28,30,33,40,44,16
1684, Sat,11,Feb,2012,1,23,24,31,45,49,6
1683, Wed,8,Feb,2012,7,13,16,31,36,44,26
1682, Sat,4,Feb,2012,4,7,40,41,45,48,46
1681, Wed,1,Feb,2012,7,17,21,22,38,39,3
1680, Sat,28,Jan,2012,10,12,25,28,31,40,1
1679, Wed,25,Jan,2012,2,8,26,30,39,45,46
1678, Sat,21,Jan,2012,5,17,32,39,42,49,19
1677, Wed,18,Jan,2012,9,22,31,34,35,43,20
1676, Sat,14,Jan,2012,7,10,12,15,25,42,33
1675, Wed,11,Jan,2012,2,9,27,33,39,40,45
1674, Sat,7,Jan,2012,8,14,15,17,20,47,38
1673, Wed,4,Jan,2012,9,26,28,30,42,43,2
1672, Sat,31,Dec,2011,7,11,37,38,42,44,2
1671, Wed,28,Dec,2011,8,11,13,17,48,49,19
1670, Sat,24,Dec,2011,1,15,23,32,36,43,19
1669, Wed,21,Dec,2011,7,28,30,34,38,45,6
1668, Sat,17,Dec,2011,1,22,35,39,42,48,12
1667, Wed,14,Dec,2011,3,10,25,28,30,43,31
1666, Sat,10,Dec,2011,16,21,24,29,30,39,20
1665, Wed,7,Dec,2011,10,14,27,31,32,47,41
1664, Sat,3,Dec,2011,1,30,35,47,48,49,8
1663, Wed,30,Nov,2011,13,23,24,25,26,30,4
1662, Sat,26,Nov,2011,13,16,25,26,36,46,15
1661, Wed,23,Nov,2011,4,11,19,22,31,48,6
1660, Sat,19,Nov,2011,1,29,31,32,34,36,45
1659, Wed,16,Nov,2011,10,12,26,27,39,40,20
1658, Sat,12,Nov,2011,6,12,13,28,33,38,10
1657, Wed,9,Nov,2011,2,8,10,23,27,32,44
1656, Sat,5,Nov,2011,14,16,23,24,27,39,43
1655, Wed,2,Nov,2011,11,12,33,37,38,49,3
1654, Sat,29,Oct,2011,5,9,14,28,46,49,45
1653, Wed,26,Oct,2011,4,23,34,38,39,41,27
1652, Sat,22,Oct,2011,20,27,28,34,43,44,1
1651, Wed,19,Oct,2011,13,14,18,32,34,49,20
1650, Sat,15,Oct,2011,7,12,27,34,41,46,14
1649, Wed,12,Oct,2011,13,24,25,26,37,40,30
1648, Sat,8,Oct,2011,6,16,22,26,30,34,45
1647, Wed,5,Oct,2011,9,15,17,29,30,39,11
1646, Sat,1,Oct,2011,4,15,17,26,37,41,29
1645, Wed,28,Sep,2011,15,19,25,36,44,45,43
1644, Sat,24,Sep,2011,10,16,29,34,37,47,31
1643, Wed,21,Sep,2011,11,15,32,33,37,39,28
1642, Sat,17,Sep,2011,2,3,6,41,44,45,10
1641, Wed,14,Sep,2011,23,28,29,37,38,42,49
1640, Sat,10,Sep,2011,5,7,9,10,22,47,37
1639, Wed,7,Sep,2011,4,29,31,36,38,48,35
1638, Sat,3,Sep,2011,4,17,20,26,29,36,31
1637, Wed,31,Aug,2011,5,26,43,46,47,49,28
1636, Sat,27,Aug,2011,6,7,29,32,41,46,49
1635, Wed,24,Aug,2011,11,27,46,47,48,49,42
1634, Sat,20,Aug,2011,2,3,18,30,34,35,24
1633, Wed,17,Aug,2011,3,19,32,40,47,48,37
1632, Sat,13,Aug,2011,5,30,31,33,35,45,3
1631, Wed,10,Aug,2011,2,4,7,27,43,44,45
1630, Sat,6,Aug,2011,1,14,18,24,26,28,19
1629, Wed,3,Aug,2011,18,19,26,39,40,47,4
1628, Sat,30,Jul,2011,4,10,29,32,34,40,48
1627, Wed,27,Jul,2011,4,16,22,34,39,42,35
1626, Sat,23,Jul,2011,1,2,11,30,33,45,39
1625, Wed,20,Jul,2011,6,10,15,32,42,49,4
1624, Sat,16,Jul,2011,4,9,13,15,18,40,30
1623, Wed,13,Jul,2011,7,11,15,18,19,49,25
1622, Sat,9,Jul,2011,1,2,21,24,33,49,39
1621, Wed,6,Jul,2011,26,32,34,35,41,48,1
1620, Sat,2,Jul,2011,10,18,34,35,39,48,6
1619, Wed,29,Jun,2011,5,6,13,21,31,47,30
1618, Sat,25,Jun,2011,5,9,15,30,32,39,31
1617, Wed,22,Jun,2011,16,22,23,36,45,48,19
1616, Sat,18,Jun,2011,3,8,10,35,38,39,31
1615, Wed,15,Jun,2011,9,25,29,32,37,38,28
1614, Sat,11,Jun,2011,9,11,35,37,40,45,26
1613, Wed,8,Jun,2011,3,19,36,40,43,48,21
1612, Sat,4,Jun,2011,7,21,25,32,43,44,27
1611, Wed,1,Jun,2011,2,7,9,18,38,45,42
1610, Sat,28,May,2011,2,3,17,23,40,43,31
1609, Wed,25,May,2011,7,8,17,30,46,48,34
1608, Sat,21,May,2011,4,17,23,24,30,35,5
1607, Wed,18,May,2011,6,15,20,36,38,42,4
1606, Sat,14,May,2011,8,18,27,28,46,48,44
1605, Wed,11,May,2011,17,30,33,34,38,48,9
1604, Sat,7,May,2011,17,18,24,29,35,48,3
1603, Wed,4,May,2011,2,3,7,17,21,32,1
1602, Sat,30,Apr,2011,1,6,12,29,36,44,21
1601, Wed,27,Apr,2011,6,15,27,32,37,44,3
1600, Sat,23,Apr,2011,5,6,18,36,44,49,10
1599, Wed,20,Apr,2011,3,5,8,9,18,44,42
1598, Sat,16,Apr,2011,4,34,40,41,44,49,46
1597, Wed,13,Apr,2011,1,14,25,33,34,43,15
1596, Sat,9,Apr,2011,6,8,17,21,39,47,22
1595, Wed,6,Apr,2011,7,11,13,14,38,41,45
1594, Sat,2,Apr,2011,12,14,32,44,48,49,25
1593, Wed,30,Mar,2011,10,16,17,21,39,41,47
1592, Sat,26,Mar,2011,2,9,16,21,31,44,38
1591, Wed,23,Mar,2011,6,18,23,26,32,44,34
1590, Sat,19,Mar,2011,10,26,28,34,35,39,17
1589, Wed,16,Mar,2011,2,15,16,18,47,48,21
1588, Sat,12,Mar,2011,7,17,19,29,30,38,40
1587, Wed,9,Mar,2011,9,11,37,40,41,49,33
1586, Sat,5,Mar,2011,4,13,23,29,41,43,49
1585, Wed,2,Mar,2011,1,25,27,41,46,49,4
1584, Sat,26,Feb,2011,6,8,20,29,34,36,43
1583, Wed,23,Feb,2011,1,8,15,21,31,39,32
1582, Sat,19,Feb,2011,6,16,26,32,34,46,33
1581, Wed,16,Feb,2011,5,11,15,26,29,32,49
1580, Sat,12,Feb,2011,16,24,27,28,30,36,35
1579, Wed,9,Feb,2011,2,6,8,9,36,39,29
1578, Sat,5,Feb,2011,33,34,37,40,41,47,5
1577, Wed,2,Feb,2011,2,17,20,42,46,48,44
1576, Sat,29,Jan,2011,5,20,25,30,36,47,15
1575, Wed,26,Jan,2011,14,17,20,43,47,49,31
1574, Sat,22,Jan,2011,4,14,18,24,41,44,25
1573, Wed,19,Jan,2011,9,18,34,41,42,43,33
1572, Sat,15,Jan,2011,7,8,21,24,33,34,2
1571, Wed,12,Jan,2011,11,12,17,19,24,47,37
1570, Sat,8,Jan,2011,13,14,32,35,41,47,46
1569, Wed,5,Jan,2011,4,10,35,36,43,46,6
1568, Sat,1,Jan,2011,4,9,33,34,36,45,26
1567, Wed,29,Dec,2010,2,3,16,26,34,39,49
1566, Sat,25,Dec,2010,13,15,22,25,33,34,17
1565, Wed,22,Dec,2010,7,13,33,37,48,49,20
1564, Sat,18,Dec,2010,9,21,35,38,46,49,40
1563, Wed,15,Dec,2010,6,9,31,33,40,45,41
1562, Sat,11,Dec,2010,11,15,24,33,43,49,27
1561, Wed,8,Dec,2010,14,16,23,24,25,43,48
1560, Sat,4,Dec,2010,4,15,19,44,45,49,11
1559, Wed,1,Dec,2010,20,21,22,24,27,34,29
1558, Sat,27,Nov,2010,4,10,18,41,42,47,8
1557, Wed,24,Nov,2010,11,30,38,45,46,49,37
1556, Sat,20,Nov,2010,6,7,8,17,27,46,29
1555, Wed,17,Nov,2010,3,6,27,29,33,41,8
1554, Sat,13,Nov,2010,5,11,29,31,35,39,45
1553, Wed,10,Nov,2010,15,26,30,35,40,41,34
1552, Sat,6,Nov,2010,12,22,30,31,34,39,36
1551, Wed,3,Nov,2010,13,21,28,37,39,45,6
1550, Sat,30,Oct,2010,2,22,32,33,37,45,11
1549, Wed,27,Oct,2010,3,5,11,16,41,48,32
1548, Sat,23,Oct,2010,2,3,14,29,35,42,12
1547, Wed,20,Oct,2010,14,30,31,36,44,47,26
1546, Sat,16,Oct,2010,6,30,34,38,45,48,32
1545, Wed,13,Oct,2010,18,19,24,26,27,44,8
1544, Sat,9,Oct,2010,5,11,19,29,33,35,46
1543, Wed,6,Oct,2010,9,17,18,23,30,35,14
1542, Sat,2,Oct,2010,10,16,25,26,32,40,46
1541, Wed,29,Sep,2010,21,25,29,32,38,44,14
1540, Sat,25,Sep,2010,19,22,30,33,35,39,5
1539, Wed,22,Sep,2010,9,12,27,29,41,47,19
1538, Sat,18,Sep,2010,4,5,16,17,20,32,3
1537, Wed,15,Sep,2010,2,20,33,40,43,46,14
1536, Sat,11,Sep,2010,4,20,21,35,39,40,28
1535, Wed,8,Sep,2010,8,10,26,34,48,49,6
1534, Sat,4,Sep,2010,16,19,26,27,41,47,34
1533, Wed,1,Sep,2010,7,20,21,27,28,41,4
1532, Sat,28,Aug,2010,3,17,32,35,43,49,27
1531, Wed,25,Aug,2010,5,10,12,17,28,30,47
1530, Sat,21,Aug,2010,8,15,19,26,33,36,1
1529, Wed,18,Aug,2010,2,13,16,24,25,40,18
1528, Sat,14,Aug,2010,5,13,17,31,42,46,4
1527, Wed,11,Aug,2010,4,21,25,27,31,34,45
1526, Sat,7,Aug,2010,13,16,22,25,31,39,7
1525, Wed,4,Aug,2010,14,17,22,24,38,43,21
1524, Sat,31,Jul,2010,10,24,30,33,40,45,16
1523, Wed,28,Jul,2010,1,11,33,37,42,43,19
1522, Sat,24,Jul,2010,24,26,33,35,43,44,27
1521, Wed,21,Jul,2010,8,16,25,27,28,34,32
1520, Sat,17,Jul,2010,15,28,32,43,44,45,20
1519, Wed,14,Jul,2010,1,15,25,26,40,43,16
1518, Sat,10,Jul,2010,3,5,30,31,38,47,37
1517, Wed,7,Jul,2010,23,29,34,36,41,45,22
1516, Sat,3,Jul,2010,8,31,37,43,44,48,14
1515, Wed,30,Jun,2010,6,18,20,25,35,36,31
1514, Sat,26,Jun,2010,18,26,33,35,37,47,3
1513, Wed,23,Jun,2010,5,9,13,17,22,27,30
1512, Sat,19,Jun,2010,34,37,39,41,42,47,45
1511, Wed,16,Jun,2010,4,8,32,34,40,47,16
1510, Sat,12,Jun,2010,1,16,17,19,33,34,9
1509, Wed,9,Jun,2010,14,26,33,45,46,49,30
1508, Sat,5,Jun,2010,5,22,23,24,26,29,31
1507, Wed,2,Jun,2010,2,12,17,25,33,39,1
1506, Sat,29,May,2010,2,17,36,39,42,48,41
1505, Wed,26,May,2010,2,4,5,19,20,27,21
1504, Sat,22,May,2010,1,4,16,37,47,49,27
1503, Wed,19,May,2010,15,23,24,34,36,47,44
1502, Sat,15,May,2010,1,4,24,26,27,48,28
1501, Wed,12,May,2010,11,17,19,40,44,45,16
1500, Sat,8,May,2010,1,26,28,32,46,48,10
1499, Wed,5,May,2010,3,6,8,10,36,47,2
1498, Sat,1,May,2010,6,15,28,29,30,47,19
1497, Wed,28,Apr,2010,5,11,19,23,38,46,34
1496, Sat,24,Apr,2010,1,4,12,23,33,40,35
1495, Wed,21,Apr,2010,2,10,16,19,33,45,30
1494, Sat,17,Apr,2010,3,10,29,31,36,44,45
1493, Wed,14,Apr,2010,2,6,8,23,44,46,37
1492, Sat,10,Apr,2010,6,9,11,21,40,48,27
1491, Wed,7,Apr,2010,8,11,20,33,43,47,49
1490, Sat,3,Apr,2010,8,9,19,28,31,37,45
1489, Wed,31,Mar,2010,14,18,29,38,43,44,13
1488, Sat,27,Mar,2010,6,11,15,32,38,42,24
1487, Wed,24,Mar,2010,3,5,23,28,42,49,41
1486, Sat,20,Mar,2010,5,11,13,18,25,46,26
1485, Wed,17,Mar,2010,16,30,34,37,41,42,5
1484, Sat,13,Mar,2010,23,25,28,33,44,49,46
1483, Wed,10,Mar,2010,1,6,13,23,29,34,37
1482, Sat,6,Mar,2010,6,13,27,28,34,42,43
1481, Wed,3,Mar,2010,18,27,32,35,44,47,23
1480, Sat,27,Feb,2010,7,14,17,42,44,45,47
1479, Wed,24,Feb,2010,3,11,18,23,38,49,34
1478, Sat,20,Feb,2010,8,24,27,31,34,36,19
1477, Wed,17,Feb,2010,3,22,27,31,38,49,45
1476, Sat,13,Feb,2010,16,22,24,30,39,44,9
1475, Wed,10,Feb,2010,5,7,15,37,42,44,3
1474, Sat,6,Feb,2010,3,12,15,17,22,29,5
1473, Wed,3,Feb,2010,3,11,12,20,21,28,31
1472, Sat,30,Jan,2010,2,3,4,19,23,40,22
1471, Wed,27,Jan,2010,1,4,7,11,13,27,12
1470, Sat,23,Jan,2010,3,7,8,16,19,30,9
1469, Wed,20,Jan,2010,2,16,17,18,27,28,43
1468, Sat,16,Jan,2010,4,7,10,14,27,42,25
1467, Wed,13,Jan,2010,6,8,14,16,21,43,19
1466, Sat,9,Jan,2010,20,24,33,34,37,48,25
1465, Wed,6,Jan,2010,4,16,18,43,45,49,23
1464, Sat,2,Jan,2010,26,29,30,42,43,47,18
1463, Wed,30,Dec,2009,5,14,27,29,34,35,4
1462, Sat,26,Dec,2009,2,8,23,25,36,42,30
1461, Wed,23,Dec,2009,15,18,26,32,36,37,22
1460, Sat,19,Dec,2009,1,20,28,33,40,45,35
1459, Wed,16,Dec,2009,2,20,34,35,40,44,49
1458, Sat,12,Dec,2009,3,13,22,23,39,45,4
1457, Wed,9,Dec,2009,5,13,31,36,40,41,6
1456, Sat,5,Dec,2009,8,20,36,43,45,49,12
1455, Wed,2,Dec,2009,2,19,22,25,34,47,28
1454, Sat,28,Nov,2009,3,4,27,30,36,47,8
1453, Wed,25,Nov,2009,3,6,11,17,23,29,44
1452, Sat,21,Nov,2009,9,24,30,32,36,40,35
1451, Wed,18,Nov,2009,1,4,12,13,18,19,38
1450, Sat,14,Nov,2009,1,5,9,20,23,39,38
1449, Wed,11,Nov,2009,4,6,12,31,38,48,29
1448, Sat,7,Nov,2009,19,21,39,44,45,49,47
1447, Wed,4,Nov,2009,1,2,23,39,42,49,5
1446, Sat,31,Oct,2009,12,18,26,35,40,44,49
1445, Wed,28,Oct,2009,24,25,34,38,41,43,11
1444, Sat,24,Oct,2009,5,9,12,31,32,38,3
1443, Wed,21,Oct,2009,6,12,16,19,33,44,20
1442, Sat,17,Oct,2009,11,25,27,32,37,43,3
1441, Wed,14,Oct,2009,5,11,24,32,35,42,20
1440, Sat,10,Oct,2009,17,36,37,40,43,45,34
1439, Wed,7,Oct,2009,26,27,28,43,45,46,5
1438, Sat,3,Oct,2009,14,21,23,32,36,46,17
1437, Wed,30,Sep,2009,2,10,15,28,36,41,8
1436, Sat,26,Sep,2009,3,5,17,32,40,43,29
1435, Wed,23,Sep,2009,23,25,28,41,46,47,27
1434, Sat,19,Sep,2009,18,20,31,33,43,45,1
1433, Wed,16,Sep,2009,18,23,34,44,46,48,6
1432, Sat,12,Sep,2009,18,20,24,30,43,44,47
1431, Wed,9,Sep,2009,2,11,23,28,35,39,15
1430, Sat,5,Sep,2009,12,19,22,26,36,41,39
1429, Wed,2,Sep,2009,2,4,7,27,28,35,21
1428, Sat,29,Aug,2009,9,18,34,37,39,47,5
1427, Wed,26,Aug,2009,3,9,11,17,27,48,6
1426, Sat,22,Aug,2009,18,23,24,36,43,44,21
1425, Wed,19,Aug,2009,10,23,26,30,41,45,49
1424, Sat,15,Aug,2009,16,31,32,46,47,48,34
1423, Wed,12,Aug,2009,9,20,21,27,39,40,14
1422, Sat,8,Aug,2009,9,17,26,32,33,36,6
1421, Wed,5,Aug,2009,1,16,18,32,39,44,33
1420, Sat,1,Aug,2009,2,6,27,28,40,49,14
1419, Wed,29,Jul,2009,3,13,19,20,23,26,1
1418, Sat,25,Jul,2009,8,17,30,32,38,40,4
1417, Wed,22,Jul,2009,2,22,23,31,35,40,20
1416, Sat,18,Jul,2009,9,27,28,33,39,41,12
1415, Wed,15,Jul,2009,5,8,10,29,39,41,15
1414, Sat,11,Jul,2009,4,6,10,28,35,39,8
1413, Wed,8,Jul,2009,10,16,21,22,35,49,31
1412, Sat,4,Jul,2009,14,16,26,39,44,48,23
1411, Wed,1,Jul,2009,1,2,11,31,38,43,46
1410, Sat,27,Jun,2009,9,17,25,26,31,42,7
1409, Wed,24,Jun,2009,10,17,20,21,23,31,32
1408, Sat,20,Jun,2009,3,4,17,24,29,40,46
1407, Wed,17,Jun,2009,8,10,11,14,28,36,18
1406, Sat,13,Jun,2009,1,13,18,36,43,48,2
1405, Wed,10,Jun,2009,3,8,21,23,30,46,26
1404, Sat,6,Jun,2009,6,14,32,35,41,42,43
1403, Wed,3,Jun,2009,4,6,22,31,33,35,3
1402, Sat,30,May,2009,2,5,19,20,33,43,32
1401, Wed,27,May,2009,2,12,24,31,41,48,40
1400, Sat,23,May,2009,12,17,32,41,44,48,15
1399, Wed,20,May,2009,9,10,30,37,45,46,29
1398, Sat,16,May,2009,1,5,9,27,42,45,21
1397, Wed,13,May,2009,13,16,19,31,37,47,5
1396, Sat,9,May,2009,6,9,28,31,37,42,12
1395, Wed,6,May,2009,1,8,10,13,20,34,28
1394, Sat,2,May,2009,10,17,25,32,34,40,20
1393, Wed,29,Apr,2009,1,15,35,42,45,48,38
1392, Sat,25,Apr,2009,7,14,17,39,41,49,29
1391, Wed,22,Apr,2009,11,21,34,42,43,45,20
1390, Sat,18,Apr,2009,13,24,33,35,42,49,37
1389, Wed,15,Apr,2009,5,9,18,23,31,39,37
1388, Sat,11,Apr,2009,6,11,24,30,32,45,3
1387, Wed,8,Apr,2009,8,10,21,23,25,48,3
1386, Sat,4,Apr,2009,11,18,28,32,36,39,21
1385, Wed,1,Apr,2009,3,5,14,19,24,40,38
1384, Sat,28,Mar,2009,2,17,19,28,31,47,14
1383, Wed,25,Mar,2009,13,23,26,27,37,49,47
1382, Sat,21,Mar,2009,1,31,32,33,36,38,8
1381, Wed,18,Mar,2009,2,5,22,25,39,41,27
1380, Sat,14,Mar,2009,9,16,25,29,31,37,24
1379, Wed,11,Mar,2009,6,9,20,21,31,34,48
1378, Sat,7,Mar,2009,6,21,30,32,33,44,35
1377, Wed,4,Mar,2009,3,21,25,32,37,46,15
1376, Sat,28,Feb,2009,6,25,33,37,42,43,23
1375, Wed,25,Feb,2009,6,19,25,32,37,39,21
1374, Sat,21,Feb,2009,18,22,26,42,45,46,44
1373, Wed,18,Feb,2009,5,23,24,29,39,44,26
1372, Sat,14,Feb,2009,2,4,17,19,38,45,15
1371, Wed,11,Feb,2009,9,14,16,38,46,47,11
1370, Sat,7,Feb,2009,3,7,24,25,26,41,28
1369, Wed,4,Feb,2009,4,24,31,33,36,40,25
1368, Sat,31,Jan,2009,1,4,13,15,35,38,39
1367, Wed,28,Jan,2009,4,29,37,39,40,43,9
1366, Sat,24,Jan,2009,24,25,26,38,39,40,3
1365, Wed,21,Jan,2009,3,25,28,29,32,45,48
1364, Sat,17,Jan,2009,1,7,9,33,36,38,39
1363, Wed,14,Jan,2009,3,18,28,37,39,42,40
1362, Sat,10,Jan,2009,5,8,11,15,38,45,21
1361, Wed,7,Jan,2009,1,8,27,32,39,45,7
1360, Sat,3,Jan,2009,9,19,36,37,39,49,10
1359, Wed,31,Dec,2008,3,11,15,33,36,45,38
1358, Sat,27,Dec,2008,7,10,24,39,40,42,5
1357, Wed,24,Dec,2008,2,10,24,31,37,47,38
1356, Sat,20,Dec,2008,3,9,11,23,36,44,25
1355, Wed,17,Dec,2008,10,15,17,26,46,49,47
1354, Sat,13,Dec,2008,2,4,16,28,37,47,5
1353, Wed,10,Dec,2008,9,11,23,27,29,33,36
1352, Sat,6,Dec,2008,10,12,20,37,39,48,31
1351, Wed,3,Dec,2008,4,12,19,21,34,44,38
1350, Sat,29,Nov,2008,10,34,35,39,43,47,33
1349, Wed,26,Nov,2008,3,6,13,23,27,49,16
1348, Sat,22,Nov,2008,4,12,34,35,38,48,27
1347, Wed,19,Nov,2008,5,7,18,27,31,33,29
1346, Sat,15,Nov,2008,14,17,30,37,38,41,49
1345, Wed,12,Nov,2008,1,5,13,20,27,45,14
1344, Sat,8,Nov,2008,15,24,26,27,33,34,23
1343, Wed,5,Nov,2008,2,11,13,27,34,43,25
1342, Sat,1,Nov,2008,18,19,25,30,33,43,4
1341, Wed,29,Oct,2008,6,10,12,15,20,27,26
1340, Sat,25,Oct,2008,1,20,31,38,43,46,36
1339, Wed,22,Oct,2008,1,12,29,35,37,40,25
1338, Sat,18,Oct,2008,3,10,12,30,39,40,23
1337, Wed,15,Oct,2008,1,8,15,18,34,38,19
1336, Sat,11,Oct,2008,20,21,23,24,27,28,33
1335, Wed,8,Oct,2008,9,13,24,25,42,48,5
1334, Sat,4,Oct,2008,17,18,28,29,32,40,39
1333, Wed,1,Oct,2008,6,27,29,38,42,49,30
1332, Sat,27,Sep,2008,11,21,27,38,40,44,2
1331, Wed,24,Sep,2008,1,14,21,24,35,46,38
1330, Sat,20,Sep,2008,5,15,20,22,24,47,45
1329, Wed,17,Sep,2008,3,9,11,24,29,43,25
1328, Sat,13,Sep,2008,5,21,28,29,40,44,35
1327, Wed,10,Sep,2008,7,15,16,19,22,48,38
1326, Sat,6,Sep,2008,4,6,9,13,35,36,46
1325, Wed,3,Sep,2008,3,5,7,9,24,35,11
1324, Sat,30,Aug,2008,2,14,27,31,36,44,48
1323, Wed,27,Aug,2008,8,14,33,34,35,43,12
1322, Sat,23,Aug,2008,9,16,23,26,27,42,44
1321, Wed,20,Aug,2008,1,29,32,33,34,38,6
1320, Sat,16,Aug,2008,2,3,9,34,35,41,46
1319, Wed,13,Aug,2008,5,9,10,11,23,26,12
1318, Sat,9,Aug,2008,9,10,17,29,33,40,15
1317, Wed,6,Aug,2008,7,9,23,30,47,49,18
1316, Sat,2,Aug,2008,8,15,23,32,35,49,9
1315, Wed,30,Jul,2008,4,26,28,32,44,46,7
1314, Sat,26,Jul,2008,3,11,19,24,33,35,9
1313, Wed,23,Jul,2008,15,17,33,35,39,40,49
1312, Sat,19,Jul,2008,6,9,13,18,29,30,37
1311, Wed,16,Jul,2008,3,12,17,18,22,42,19
1310, Sat,12,Jul,2008,16,27,28,29,30,42,43
1309, Wed,9,Jul,2008,2,3,9,15,26,29,19
1308, Sat,5,Jul,2008,2,22,26,28,30,39,12
1307, Wed,2,Jul,2008,3,4,12,23,30,31,33
1306, Sat,28,Jun,2008,7,12,19,23,46,48,28
1305, Wed,25,Jun,2008,11,12,22,23,24,36,26
1304, Sat,21,Jun,2008,8,9,11,16,18,22,36
1303, Wed,18,Jun,2008,12,26,34,39,40,45,19
1302, Sat,14,Jun,2008,7,16,17,23,29,34,4
1301, Wed,11,Jun,2008,1,8,22,28,35,44,19
1300, Sat,7,Jun,2008,5,9,14,37,38,44,42
1299, Wed,4,Jun,2008,19,27,35,37,39,42,23
1298, Sat,31,May,2008,15,20,22,34,37,39,17
1297, Wed,28,May,2008,10,25,28,36,45,48,40
1296, Sat,24,May,2008,3,6,10,26,30,38,15
1295, Wed,21,May,2008,2,23,38,41,47,49,1
1294, Sat,17,May,2008,3,11,12,41,46,47,20
1293, Wed,14,May,2008,3,4,29,34,41,42,25
1292, Sat,10,May,2008,4,14,18,24,32,40,37
1291, Wed,7,May,2008,9,10,12,16,30,31,3
1290, Sat,3,May,2008,2,15,17,32,36,42,4
1289, Wed,30,Apr,2008,15,31,33,35,41,44,9
1288, Sat,26,Apr,2008,1,4,16,37,39,40,35
1287, Wed,23,Apr,2008,10,15,23,34,39,41,33
1286, Sat,19,Apr,2008,5,19,24,38,42,46,27
1285, Wed,16,Apr,2008,4,10,14,29,31,38,43
1284, Sat,12,Apr,2008,4,17,22,44,46,49,26
1283, Wed,9,Apr,2008,1,6,8,14,17,32,12
1282, Sat,5,Apr,2008,7,23,30,41,45,49,2
1281, Wed,2,Apr,2008,2,6,21,23,43,47,29
1280, Sat,29,Mar,2008,11,17,28,31,40,43,39
1279, Wed,26,Mar,2008,3,22,27,33,45,48,17
1278, Sat,22,Mar,2008,7,11,14,27,45,48,37
1277, Wed,19,Mar,2008,5,21,22,25,27,35,14
1276, Sat,15,Mar,2008,2,23,37,40,48,49,29
1275, Wed,12,Mar,2008,1,13,26,38,41,47,7
1274, Sat,8,Mar,2008,4,15,18,30,31,47,9
1273, Wed,5,Mar,2008,8,14,16,39,43,47,38
1272, Sat,1,Mar,2008,1,8,12,20,29,49,4
1271, Wed,27,Feb,2008,16,29,30,32,38,45,40
1270, Sat,23,Feb,2008,8,11,16,25,39,46,37
1269, Wed,20,Feb,2008,7,17,29,31,39,44,4
1268, Sat,16,Feb,2008,9,18,21,24,37,48,22
1267, Wed,13,Feb,2008,9,14,24,28,32,41,13
1266, Sat,9,Feb,2008,2,14,26,29,31,40,7
1265, Wed,6,Feb,2008,2,5,12,15,30,48,38
1264, Sat,2,Feb,2008,5,7,18,22,25,34,12
1263, Wed,30,Jan,2008,7,8,27,37,40,46,1
1262, Sat,26,Jan,2008,1,2,6,13,38,43,24
1261, Wed,23,Jan,2008,4,12,13,15,30,36,42
1260, Sat,19,Jan,2008,6,10,30,32,43,45,23
1259, Wed,16,Jan,2008,8,13,17,22,29,42,43
1258, Sat,12,Jan,2008,6,11,15,18,34,45,43
1257, Wed,9,Jan,2008,14,24,26,28,44,49,45
1256, Sat,5,Jan,2008,2,3,12,20,33,49,11
1255, Wed,2,Jan,2008,13,15,25,31,37,39,41
1254, Sat,29,Dec,2007,4,13,23,28,30,32,11
1253, Wed,26,Dec,2007,8,14,18,23,27,44,48
1252, Sat,22,Dec,2007,11,13,14,16,21,44,35
1251, Wed,19,Dec,2007,11,13,21,33,36,47,3
1250, Sat,15,Dec,2007,12,22,25,43,46,49,10
1249, Wed,12,Dec,2007,19,20,23,42,44,45,7
1248, Sat,8,Dec,2007,4,6,10,11,24,33,26
1247, Wed,5,Dec,2007,2,8,13,18,26,39,10
1246, Sat,1,Dec,2007,12,24,33,36,39,42,21
1245, Wed,28,Nov,2007,11,15,25,33,44,45,17
1244, Sat,24,Nov,2007,1,14,25,37,39,47,38
1243, Wed,21,Nov,2007,6,8,24,25,32,47,15
1242, Sat,17,Nov,2007,11,16,20,22,27,46,29
1241, Wed,14,Nov,2007,4,5,21,35,37,42,14
1240, Sat,10,Nov,2007,5,11,13,18,25,35,7
1239, Wed,7,Nov,2007,2,6,9,13,17,36,4
1238, Sat,3,Nov,2007,3,10,22,25,31,49,4
1237, Wed,31,Oct,2007,9,12,20,25,33,35,17
1236, Sat,27,Oct,2007,6,8,10,13,22,32,3
1235, Wed,24,Oct,2007,14,16,24,28,45,48,29
1234, Sat,20,Oct,2007,4,15,25,27,33,40,20
1233, Wed,17,Oct,2007,10,12,22,32,45,46,27
1232, Sat,13,Oct,2007,7,11,12,36,38,39,44
1231, Wed,10,Oct,2007,1,9,24,27,36,45,49
1230, Sat,6,Oct,2007,5,6,18,22,24,38,10
1229, Wed,3,Oct,2007,1,17,24,26,30,49,14
1228, Sat,29,Sep,2007,1,9,10,11,16,49,37
1227, Wed,26,Sep,2007,2,8,16,24,32,41,4
1226, Sat,22,Sep,2007,3,12,15,18,30,31,25
1225, Wed,19,Sep,2007,2,5,6,13,25,47,45
1224, Sat,15,Sep,2007,3,7,12,21,25,36,24
1223, Wed,12,Sep,2007,4,13,18,21,30,46,5
1222, Sat,8,Sep,2007,4,10,20,24,39,49,31
1221, Wed,5,Sep,2007,11,24,26,35,39,40,38
1220, Sat,1,Sep,2007,3,27,34,41,42,48,8
1219, Wed,29,Aug,2007,4,6,11,17,31,41,44
1218, Sat,25,Aug,2007,7,13,17,33,40,42,8
1217, Wed,22,Aug,2007,18,31,35,39,40,42,32
1216, Sat,18,Aug,2007,2,12,26,32,37,47,22
1215, Wed,15,Aug,2007,2,5,15,34,35,43,12
1214, Sat,11,Aug,2007,6,10,11,19,22,46,40
1213, Wed,8,Aug,2007,3,9,12,13,20,43,7
1212, Sat,4,Aug,2007,12,23,25,26,34,49,4
1211, Wed,1,Aug,2007,3,6,15,23,28,42,40
1210, Sat,28,Jul,2007,4,18,22,27,44,48,33
1209, Wed,25,Jul,2007,3,18,21,24,36,38,20
1208, Sat,21,Jul,2007,3,10,21,25,29,49,20
1207, Wed,18,Jul,2007,12,31,33,39,41,45,23
1206, Sat,14,Jul,2007,15,27,35,37,38,39,11
1205, Wed,11,Jul,2007,3,9,10,12,46,47,22
1204, Sat,7,Jul,2007,16,22,28,30,33,35,37
1203, Wed,4,Jul,2007,3,13,22,32,44,46,26
1202, Sat,30,Jun,2007,10,11,17,34,38,46,48
1201, Wed,27,Jun,2007,7,13,23,40,41,48,1
1200, Sat,23,Jun,2007,6,12,19,25,31,41,21
1199, Wed,20,Jun,2007,13,16,22,43,47,49,28
1198, Sat,16,Jun,2007,8,17,33,41,43,45,37
1197, Wed,13,Jun,2007,13,19,24,30,40,48,31
1196, Sat,9,Jun,2007,2,3,23,33,40,46,30
1195, Wed,6,Jun,2007,7,21,22,28,37,40,1
1194, Sat,2,Jun,2007,1,10,33,35,38,43,34
1193, Wed,30,May,2007,2,20,22,25,41,47,37
1192, Sat,26,May,2007,3,15,19,24,28,34,17
1191, Wed,23,May,2007,3,19,31,32,36,40,43
1190, Sat,19,May,2007,17,19,20,32,36,48,18
1189, Wed,16,May,2007,9,20,22,24,27,28,12
1188, Sat,12,May,2007,3,6,9,12,40,43,44
1187, Wed,9,May,2007,8,9,19,34,47,49,4
1186, Sat,5,May,2007,4,33,34,38,39,49,23
1185, Wed,2,May,2007,11,18,25,27,39,44,34
1184, Sat,28,Apr,2007,11,17,24,28,41,47,48
1183, Wed,25,Apr,2007,1,7,25,31,32,39,18
1182, Sat,21,Apr,2007,14,20,21,30,41,46,6
1181, Wed,18,Apr,2007,8,11,17,30,32,41,47
1180, Sat,14,Apr,2007,13,16,23,29,36,49,14
1179, Wed,11,Apr,2007,8,11,21,32,35,42,47
1178, Sat,7,Apr,2007,23,24,30,31,33,37,20
1177, Wed,4,Apr,2007,11,14,19,35,46,49,17
1176, Sat,31,Mar,2007,3,35,39,42,44,48,41
1175, Wed,28,Mar,2007,2,5,19,23,32,41,38
1174, Sat,24,Mar,2007,9,14,26,28,30,45,38
1173, Wed,21,Mar,2007,15,19,29,35,44,45,7
1172, Sat,17,Mar,2007,1,9,14,20,43,44,32
1171, Wed,14,Mar,2007,6,21,24,38,39,48,41
1170, Sat,10,Mar,2007,1,9,16,34,38,41,4
1169, Wed,7,Mar,2007,4,14,25,35,42,48,37
1168, Sat,3,Mar,2007,1,5,11,19,28,36,38
1167, Wed,28,Feb,2007,4,15,34,40,44,46,45
1166, Sat,24,Feb,2007,5,18,26,34,42,49,8
1165, Wed,21,Feb,2007,1,6,26,34,39,42,25
1164, Sat,17,Feb,2007,6,18,40,43,47,49,32
1163, Wed,14,Feb,2007,1,2,4,38,42,43,23
1162, Sat,10,Feb,2007,22,26,38,39,41,42,8
1161, Wed,7,Feb,2007,6,16,18,29,30,35,48
1160, Sat,3,Feb,2007,13,17,39,46,47,49,48
1159, Wed,31,Jan,2007,13,14,21,30,43,49,17
1158, Sat,27,Jan,2007,4,15,21,23,24,38,36
1157, Wed,24,Jan,2007,2,8,10,31,46,48,12
1156, Sat,20,Jan,2007,4,7,26,28,39,49,47
1155, Wed,17,Jan,2007,12,17,21,25,31,37,30
1154, Sat,13,Jan,2007,5,8,12,20,28,48,40
1153, Wed,10,Jan,2007,1,2,13,29,33,49,6
1152, Sat,6,Jan,2007,15,25,29,35,39,40,11
1151, Wed,3,Jan,2007,4,6,30,36,43,44,20
1150, Sat,30,Dec,2006,1,2,7,11,37,45,14
1149, Wed,27,Dec,2006,16,27,29,34,39,45,19
1148, Sat,23,Dec,2006,10,16,24,37,44,49,4
1147, Wed,20,Dec,2006,4,10,21,22,25,38,31
1146, Sat,16,Dec,2006,5,8,11,27,30,46,34
1145, Wed,13,Dec,2006,4,12,14,20,46,49,24
1144, Sat,9,Dec,2006,5,8,10,18,20,46,43
1143, Wed,6,Dec,2006,2,5,9,12,22,32,34
1142, Sat,2,Dec,2006,9,11,15,31,42,46,27
1141, Wed,29,Nov,2006,17,20,31,40,42,46,1
1140, Sat,25,Nov,2006,4,7,31,38,44,48,1
1139, Wed,22,Nov,2006,14,15,24,31,45,49,34
1138, Sat,18,Nov,2006,1,19,20,32,42,46,49
1137, Wed,15,Nov,2006,2,3,17,22,40,42,12
1136, Sat,11,Nov,2006,23,24,28,33,34,41,18
1135, Wed,8,Nov,2006,2,18,31,38,39,46,42
1134, Sat,4,Nov,2006,17,30,33,40,42,43,34
1133, Wed,1,Nov,2006,9,13,14,20,31,35,32
1132, Sat,28,Oct,2006,4,5,6,12,20,29,30
1131, Wed,25,Oct,2006,2,7,10,14,16,22,43
1130, Sat,21,Oct,2006,15,18,23,31,37,49,38
1129, Wed,18,Oct,2006,6,12,36,39,41,48,17
1128, Sat,14,Oct,2006,8,15,24,31,37,42,45
1127, Wed,11,Oct,2006,14,16,24,26,27,39,6
1126, Sat,7,Oct,2006,4,13,23,24,26,36,45
1125, Wed,4,Oct,2006,12,14,16,19,27,32,44
1124, Sat,30,Sep,2006,8,12,13,19,26,38,11
1123, Wed,27,Sep,2006,2,3,16,27,44,48,24
1122, Sat,23,Sep,2006,6,26,28,35,42,43,38
1121, Wed,20,Sep,2006,3,21,29,35,38,45,46
1120, Sat,16,Sep,2006,11,12,16,33,34,43,28
1119, Wed,13,Sep,2006,8,15,17,40,43,48,21
1118, Sat,9,Sep,2006,2,15,21,37,43,46,36
1117, Wed,6,Sep,2006,5,7,14,29,37,38,12
1116, Sat,2,Sep,2006,3,8,20,22,34,40,38
1115, Wed,30,Aug,2006,19,21,22,38,44,49,45
1114, Sat,26,Aug,2006,10,17,24,31,42,49,5
1113, Wed,23,Aug,2006,6,16,20,21,23,37,40
1112, Sat,19,Aug,2006,6,29,31,34,40,48,4
1111, Wed,16,Aug,2006,4,8,16,20,25,31,43
1110, Sat,12,Aug,2006,24,30,38,43,46,49,6
1109, Wed,9,Aug,2006,2,4,12,16,18,41,48
1108, Sat,5,Aug,2006,3,11,13,18,26,31,35
1107, Wed,2,Aug,2006,5,8,9,18,41,47,49
1106, Sat,29,Jul,2006,4,5,16,19,21,49,20
1105, Wed,26,Jul,2006,7,17,27,30,33,39,6
1104, Sat,22,Jul,2006,20,22,23,26,31,47,2
1103, Wed,19,Jul,2006,4,21,25,37,45,46,6
1102, Sat,15,Jul,2006,6,12,19,20,38,39,13
1101, Wed,12,Jul,2006,18,20,26,27,28,39,45
1100, Sat,8,Jul,2006,6,10,19,29,32,42,13
1099, Wed,5,Jul,2006,7,17,29,33,42,45,24
1098, Sat,1,Jul,2006,18,28,33,37,39,42,15
1097, Wed,28,Jun,2006,11,12,34,39,44,48,21
1096, Sat,24,Jun,2006,9,14,21,23,39,44,19
1095, Wed,21,Jun,2006,8,16,27,38,44,49,31
1094, Sat,17,Jun,2006,25,26,33,40,41,47,10
1093, Wed,14,Jun,2006,4,7,10,33,35,49,46
1092, Sat,10,Jun,2006,14,27,32,39,41,47,12
1091, Wed,7,Jun,2006,6,9,11,14,33,48,31
1090, Sat,3,Jun,2006,4,6,7,9,28,39,20
1089, Wed,31,May,2006,4,16,32,34,35,37,1
1088, Sat,27,May,2006,5,8,12,24,28,31,22
1087, Wed,24,May,2006,1,17,25,29,41,46,6
1086, Sat,20,May,2006,6,16,17,22,24,45,48
1085, Wed,17,May,2006,3,10,19,33,35,38,8
1084, Sat,13,May,2006,3,15,21,22,36,47,27
1083, Wed,10,May,2006,8,13,28,32,36,46,15
1082, Sat,6,May,2006,2,7,11,21,33,34,8
1081, Wed,3,May,2006,9,11,22,39,40,42,12
1080, Sat,29,Apr,2006,10,29,31,32,36,47,17
1079, Wed,26,Apr,2006,1,27,32,33,45,48,25
1078, Sat,22,Apr,2006,9,24,30,40,42,48,15
1077, Wed,19,Apr,2006,3,9,33,44,47,49,38
1076, Sat,15,Apr,2006,7,15,19,23,37,48,45
1075, Wed,12,Apr,2006,7,19,26,38,44,49,24
1074, Sat,8,Apr,2006,5,6,7,18,28,40,12
1073, Wed,5,Apr,2006,1,2,16,22,26,49,15
1072, Sat,1,Apr,2006,9,17,18,21,23,39,45
1071, Wed,29,Mar,2006,2,6,18,36,37,44,19
1070, Sat,25,Mar,2006,2,6,10,17,29,30,9
1069, Wed,22,Mar,2006,4,8,16,19,34,40,38
1068, Sat,18,Mar,2006,7,10,22,24,34,44,18
1067, Wed,15,Mar,2006,1,14,21,30,35,48,24
1066, Sat,11,Mar,2006,4,9,13,29,31,36,16
1065, Wed,8,Mar,2006,1,11,14,35,37,42,26
1064, Sat,4,Mar,2006,1,16,22,32,33,40,48
1063, Wed,1,Mar,2006,15,16,19,28,38,42,20
1062, Sat,25,Feb,2006,7,14,24,37,43,48,29
1061, Wed,22,Feb,2006,5,9,27,35,42,43,14
1060, Sat,18,Feb,2006,9,23,32,35,36,40,5
1059, Wed,15,Feb,2006,5,11,12,16,17,45,42
1058, Sat,11,Feb,2006,4,9,15,25,30,40,42
1057, Wed,8,Feb,2006,9,27,28,31,41,42,25
1056, Sat,4,Feb,2006,1,3,6,22,23,39,21
1055, Wed,1,Feb,2006,5,11,13,17,44,48,25
1054, Sat,28,Jan,2006,9,18,22,29,30,48,23
1053, Wed,25,Jan,2006,9,14,15,18,26,46,45
1052, Sat,21,Jan,2006,1,25,26,27,39,49,37
1051, Wed,18,Jan,2006,2,3,7,24,46,47,36
1050, Sat,14,Jan,2006,4,8,16,23,28,47,34
1049, Wed,11,Jan,2006,5,6,8,19,34,38,11
1048, Sat,7,Jan,2006,8,14,19,28,29,48,6
1047, Wed,4,Jan,2006,7,13,31,43,45,47,23
1046, Sat,31,Dec,2005,6,9,11,33,36,49,29
1045, Wed,28,Dec,2005,6,8,10,19,30,42,23
1044, Sat,24,Dec,2005,17,21,25,27,30,37,16
1043, Wed,21,Dec,2005,5,6,12,13,31,45,24
1042, Sat,17,Dec,2005,7,11,15,21,35,47,43
1041, Wed,14,Dec,2005,7,9,17,22,27,40,41
1040, Sat,10,Dec,2005,20,23,25,30,31,48,10
1039, Wed,7,Dec,2005,2,8,11,12,22,26,46
1038, Sat,3,Dec,2005,2,10,11,28,36,47,33
1037, Wed,30,Nov,2005,7,14,29,37,41,45,4
1036, Sat,26,Nov,2005,19,27,28,34,39,46,7
1035, Wed,23,Nov,2005,14,33,36,39,42,46,13
1034, Sat,19,Nov,2005,4,9,10,19,24,37,28
1033, Wed,16,Nov,2005,4,9,22,24,30,41,20
1032, Sat,12,Nov,2005,12,13,25,30,45,47,42
1031, Wed,9,Nov,2005,1,15,23,30,45,49,33
1030, Sat,5,Nov,2005,12,13,21,26,32,39,17
1029, Wed,2,Nov,2005,19,25,32,47,48,49,28
1028, Sat,29,Oct,2005,2,5,13,30,39,49,3
1027, Wed,26,Oct,2005,10,14,26,28,33,38,23
1026, Sat,22,Oct,2005,18,20,22,30,32,39,3
1025, Wed,19,Oct,2005,7,18,20,21,29,47,31
1024, Sat,15,Oct,2005,4,7,29,30,42,44,39
1023, Wed,12,Oct,2005,5,7,13,15,19,45,38
1022, Sat,8,Oct,2005,1,14,20,22,25,26,9
1021, Wed,5,Oct,2005,14,17,23,30,34,42,19
1020, Sat,1,Oct,2005,4,6,31,42,46,47,11
1019, Wed,28,Sep,2005,21,32,41,42,43,46,17
1018, Sat,24,Sep,2005,2,11,27,29,36,44,15
1017, Wed,21,Sep,2005,2,23,33,35,40,42,25
1016, Sat,17,Sep,2005,9,21,23,31,40,46,8
1015, Wed,14,Sep,2005,15,20,22,25,35,39,36
1014, Sat,10,Sep,2005,1,8,24,27,34,46,30
1013, Wed,7,Sep,2005,1,5,7,41,43,49,45
1012, Sat,3,Sep,2005,14,26,34,35,36,45,32
1011, Wed,31,Aug,2005,4,10,14,21,32,49,44
1010, Sat,27,Aug,2005,6,13,17,23,32,43,49
1009, Wed,24,Aug,2005,1,40,43,44,48,49,2
1008, Sat,20,Aug,2005,7,11,12,20,38,44,45
1007, Wed,17,Aug,2005,3,10,13,22,31,33,15
1006, Sat,13,Aug,2005,19,22,30,35,44,48,3
1005, Wed,10,Aug,2005,8,15,30,31,34,43,40
1004, Sat,6,Aug,2005,3,6,7,17,30,34,8
1003, Wed,3,Aug,2005,2,10,30,36,37,43,29
1002, Sat,30,Jul,2005,3,9,13,35,43,45,8
1001, Wed,27,Jul,2005,10,12,13,17,31,37,44
1000, Sat,23,Jul,2005,7,12,16,24,29,37,44
999, Wed,20,Jul,2005,4,29,39,41,43,45,42
998, Sat,16,Jul,2005,2,3,21,24,38,44,47
997, Wed,13,Jul,2005,3,25,36,39,42,47,23
996, Sat,9,Jul,2005,7,20,22,23,34,37,38
995, Wed,6,Jul,2005,3,12,17,36,44,49,20
994, Sat,2,Jul,2005,8,25,33,35,38,40,7
993, Wed,29,Jun,2005,7,12,23,26,29,44,31
992, Sat,25,Jun,2005,15,23,27,38,44,49,34
991, Wed,22,Jun,2005,1,4,7,44,47,48,14
990, Sat,18,Jun,2005,4,7,26,41,42,49,37
989, Wed,15,Jun,2005,7,11,12,37,42,45,4
988, Sat,11,Jun,2005,1,2,18,25,34,45,31
987, Wed,8,Jun,2005,11,13,26,34,44,48,2
986, Sat,4,Jun,2005,6,8,13,15,21,40,35
985, Wed,1,Jun,2005,3,11,17,19,20,41,6
984, Sat,28,May,2005,10,16,21,24,34,46,30
983, Wed,25,May,2005,14,18,29,33,37,39,47
982, Sat,21,May,2005,14,34,38,43,47,48,9
981, Wed,18,May,2005,4,19,22,27,28,47,41
980, Sat,14,May,2005,12,18,22,33,43,48,25
979, Wed,11,May,2005,1,6,11,17,29,43,8
978, Sat,7,May,2005,2,6,21,34,35,49,46
977, Wed,4,May,2005,30,35,38,41,45,48,46
976, Sat,30,Apr,2005,2,23,26,30,39,47,31
975, Wed,27,Apr,2005,2,15,20,24,32,47,29
974, Sat,23,Apr,2005,3,18,25,29,31,43,23
973, Wed,20,Apr,2005,13,26,27,38,41,43,35
972, Sat,16,Apr,2005,25,26,32,39,40,42,41
971, Wed,13,Apr,2005,14,23,36,40,41,48,6
970, Sat,9,Apr,2005,14,22,25,27,45,47,8
969, Wed,6,Apr,2005,22,26,36,43,45,49,6
968, Sat,2,Apr,2005,18,26,27,29,34,42,36
967, Wed,30,Mar,2005,1,11,23,26,29,31,39
966, Sat,26,Mar,2005,5,21,23,28,40,48,26
965, Wed,23,Mar,2005,12,14,25,30,32,38,42
964, Sat,19,Mar,2005,6,8,18,33,43,49,27
963, Wed,16,Mar,2005,3,7,9,21,35,39,32
962, Sat,12,Mar,2005,1,2,8,9,41,48,29
961, Wed,9,Mar,2005,14,21,25,39,40,47,20
960, Sat,5,Mar,2005,6,19,24,26,27,49,8
959, Wed,2,Mar,2005,3,6,15,16,33,48,43
958, Sat,26,Feb,2005,8,14,25,40,43,48,33
957, Wed,23,Feb,2005,17,25,30,32,36,37,6
956, Sat,19,Feb,2005,10,16,19,30,35,45,6
955, Wed,16,Feb,2005,9,13,18,29,30,49,41
954, Sat,12,Feb,2005,11,18,20,23,32,48,25
953, Wed,9,Feb,2005,12,18,22,24,32,33,17
952, Sat,5,Feb,2005,19,22,33,36,43,44,1
951, Wed,2,Feb,2005,2,19,28,33,44,49,21
950, Sat,29,Jan,2005,3,8,27,38,44,46,35
949, Wed,26,Jan,2005,3,12,14,22,33,40,19
948, Sat,22,Jan,2005,5,15,23,30,34,42,14
947, Wed,19,Jan,2005,15,24,28,33,34,47,37
946, Sat,15,Jan,2005,5,20,30,32,35,38,9
945, Wed,12,Jan,2005,4,5,31,33,38,42,41
944, Sat,8,Jan,2005,7,10,17,28,29,33,36
943, Wed,5,Jan,2005,5,8,15,20,42,48,40
942, Sat,1,Jan,2005,4,6,9,12,15,40,25
941, Wed,29,Dec,2004,4,22,30,41,43,47,29
940, Fri,24,Dec,2004,15,19,24,36,37,49,35
939, Wed,22,Dec,2004,4,12,27,44,45,47,41
938, Sat,18,Dec,2004,5,16,22,25,27,30,33
937, Wed,15,Dec,2004,7,11,19,25,31,39,23
936, Sat,11,Dec,2004,7,9,19,23,27,49,1
935, Wed,8,Dec,2004,11,12,16,26,35,39,34
934, Sat,4,Dec,2004,8,9,35,38,42,45,14
933, Wed,1,Dec,2004,7,18,27,31,36,49,43
932, Sat,27,Nov,2004,4,7,9,10,43,46,11
931, Wed,24,Nov,2004,6,9,15,23,38,48,45
930, Sat,20,Nov,2004,1,4,8,26,28,36,31
929, Wed,17,Nov,2004,11,14,20,24,28,36,46
928, Sat,13,Nov,2004,4,10,12,13,14,22,21
927, Wed,10,Nov,2004,13,27,37,40,43,49,1
926, Sat,6,Nov,2004,2,26,29,36,39,40,10
925, Wed,3,Nov,2004,5,25,33,35,36,39,43
924, Sat,30,Oct,2004,3,8,9,26,27,47,45
923, Wed,27,Oct,2004,9,11,21,39,40,46,35
922, Sat,23,Oct,2004,22,27,33,37,38,40,24
921, Wed,20,Oct,2004,10,13,19,25,31,33,21
920, Sat,16,Oct,2004,25,32,33,36,45,46,47
919, Wed,13,Oct,2004,3,7,14,17,18,43,42
918, Sat,9,Oct,2004,6,17,22,27,30,34,26
917, Wed,6,Oct,2004,6,11,12,19,37,44,16
916, Sat,2,Oct,2004,1,5,6,31,33,41,35
915, Wed,29,Sep,2004,4,14,23,31,35,41,24
914, Sat,25,Sep,2004,3,10,28,29,42,43,2
913, Wed,22,Sep,2004,12,19,40,42,46,49,17
912, Sat,18,Sep,2004,5,10,13,14,28,42,48
911, Wed,15,Sep,2004,3,11,17,21,33,44,27
910, Sat,11,Sep,2004,5,8,19,30,35,42,18
909, Wed,8,Sep,2004,1,10,27,35,39,48,28
908, Sat,4,Sep,2004,3,5,10,25,43,47,20
907, Wed,1,Sep,2004,12,25,27,32,37,49,28
906, Sat,28,Aug,2004,6,7,10,20,37,44,36
905, Wed,25,Aug,2004,10,12,13,19,31,46,17
904, Sat,21,Aug,2004,1,2,19,30,44,49,21
903, Wed,18,Aug,2004,6,11,12,13,36,42,21
902, Sat,14,Aug,2004,13,14,31,32,37,41,42
901, Wed,11,Aug,2004,11,12,19,47,48,49,7
900, Sat,7,Aug,2004,8,11,28,33,38,41,40
899, Wed,4,Aug,2004,4,7,8,10,17,22,11
898, Sat,31,Jul,2004,3,13,17,29,40,48,39
897, Wed,28,Jul,2004,10,11,14,21,25,42,15
896, Sat,24,Jul,2004,22,27,30,31,48,49,28
895, Wed,21,Jul,2004,6,9,13,15,40,43,2
894, Sat,17,Jul,2004,1,3,11,16,23,36,22
893, Wed,14,Jul,2004,6,27,33,38,45,47,8
892, Sat,10,Jul,2004,6,9,31,32,40,47,24
891, Wed,7,Jul,2004,5,10,11,16,17,33,13
890, Sat,3,Jul,2004,6,8,21,25,43,47,16
889, Wed,30,Jun,2004,11,12,15,29,37,43,45
888, Sat,26,Jun,2004,16,21,24,28,31,33,3
887, Wed,23,Jun,2004,5,18,21,24,38,48,25
886, Sat,19,Jun,2004,2,23,28,31,42,45,17
885, Wed,16,Jun,2004,22,26,29,31,35,42,6
884, Sat,12,Jun,2004,7,22,35,44,48,49,16
883, Wed,9,Jun,2004,1,12,23,26,35,45,43
882, Sat,5,Jun,2004,5,8,9,26,29,44,16
881, Wed,2,Jun,2004,5,22,26,40,42,43,44
880, Sat,29,May,2004,1,4,6,18,19,40,30
879, Wed,26,May,2004,11,15,18,24,34,44,28
878, Sat,22,May,2004,1,4,5,25,34,46,12
877, Wed,19,May,2004,10,22,28,33,37,39,42
876, Sat,15,May,2004,4,29,35,44,46,49,12
875, Wed,12,May,2004,10,11,15,18,19,40,28
874, Sat,8,May,2004,14,17,23,28,42,49,5
873, Wed,5,May,2004,23,32,33,42,43,45,4
872, Sat,1,May,2004,5,6,10,15,27,49,20
871, Wed,28,Apr,2004,1,3,26,34,43,47,12
870, Sat,24,Apr,2004,1,3,4,5,17,37,30
869, Wed,21,Apr,2004,7,19,20,29,41,49,18
868, Sat,17,Apr,2004,3,21,31,42,47,48,34
867, Wed,14,Apr,2004,1,3,22,32,38,44,45
866, Sat,10,Apr,2004,25,30,34,39,40,47,16
865, Wed,7,Apr,2004,9,25,33,36,46,49,43
864, Sat,3,Apr,2004,3,9,12,28,29,38,5
863, Wed,31,Mar,2004,4,7,8,11,24,40,33
862, Sat,27,Mar,2004,19,21,25,33,37,41,38
861, Wed,24,Mar,2004,7,17,19,26,29,41,49
860, Sat,20,Mar,2004,13,21,37,42,46,48,22
859, Wed,17,Mar,2004,5,16,30,38,42,43,4
858, Sat,13,Mar,2004,1,10,11,18,19,46,43
857, Wed,10,Mar,2004,11,14,17,34,37,43,22
856, Sat,6,Mar,2004,17,19,20,35,43,45,7
855, Wed,3,Mar,2004,24,38,40,44,47,48,23
854, Sat,28,Feb,2004,6,19,22,38,39,43,18
853, Wed,25,Feb,2004,6,21,28,34,38,41,47
852, Sat,21,Feb,2004,1,5,8,18,42,48,38
851, Wed,18,Feb,2004,1,3,5,13,21,24,29
850, Sat,14,Feb,2004,14,15,17,31,39,45,23
849, Wed,11,Feb,2004,22,23,38,40,43,47,32
848, Sat,7,Feb,2004,18,22,25,44,45,46,7
847, Wed,4,Feb,2004,9,11,18,20,35,47,40
846, Sat,31,Jan,2004,5,12,13,19,27,47,40
845, Wed,28,Jan,2004,8,10,16,17,30,47,7
844, Sat,24,Jan,2004,16,25,27,32,35,43,42
843, Wed,21,Jan,2004,3,11,25,28,34,45,42
842, Sat,17,Jan,2004,4,8,21,24,39,44,5
841, Wed,14,Jan,2004,2,5,19,21,40,46,33
840, Sat,10,Jan,2004,14,23,29,39,41,45,17
839, Wed,7,Jan,2004,2,12,17,23,24,34,10
838, Sat,3,Jan,2004,17,18,22,23,40,49,10
837, Wed,31,Dec,2003,19,28,31,34,41,47,1
836, Sat,27,Dec,2003,3,18,22,27,41,46,37
835, Wed,24,Dec,2003,1,7,24,27,46,48,31
834, Sat,20,Dec,2003,8,23,35,39,44,46,31
833, Wed,17,Dec,2003,4,6,13,21,36,46,37
832, Sat,13,Dec,2003,1,7,9,28,33,39,4
831, Wed,10,Dec,2003,8,14,21,26,37,48,9
830, Sat,6,Dec,2003,3,11,13,34,35,43,8
829, Wed,3,Dec,2003,2,28,34,35,38,47,6
828, Sat,29,Nov,2003,9,23,25,26,33,36,37
827, Wed,26,Nov,2003,16,32,34,35,40,48,3
826, Sat,22,Nov,2003,1,5,8,16,31,39,22
825, Wed,19,Nov,2003,11,12,13,18,43,48,21
824, Sat,15,Nov,2003,17,30,31,32,35,47,42
823, Wed,12,Nov,2003,6,9,13,17,21,24,30
822, Sat,8,Nov,2003,2,12,33,39,45,48,29
821, Wed,5,Nov,2003,10,12,18,20,22,47,38
820, Sat,1,Nov,2003,9,11,15,24,38,46,29
819, Wed,29,Oct,2003,9,19,25,29,30,38,3
818, Sat,25,Oct,2003,4,10,18,21,43,49,15
817, Wed,22,Oct,2003,6,19,29,32,34,46,39
816, Sat,18,Oct,2003,5,11,17,23,40,45,41
815, Wed,15,Oct,2003,7,11,16,32,42,49,17
814, Sat,11,Oct,2003,3,6,11,20,34,43,36
813, Wed,8,Oct,2003,6,22,25,26,28,44,9
812, Sat,4,Oct,2003,2,8,23,32,35,39,16
811, Wed,1,Oct,2003,3,16,24,27,30,48,21
810, Sat,27,Sep,2003,7,24,30,44,46,47,38
809, Wed,24,Sep,2003,11,13,28,34,37,45,9
808, Sat,20,Sep,2003,1,2,15,23,31,48,49
807, Wed,17,Sep,2003,3,9,15,16,21,29,46
806, Sat,13,Sep,2003,3,4,8,9,30,32,12
805, Wed,10,Sep,2003,9,25,28,37,41,48,30
804, Sat,6,Sep,2003,1,21,25,27,39,42,17
803, Wed,3,Sep,2003,10,11,13,38,39,42,8
802, Sat,30,Aug,2003,18,26,33,38,43,44,2
801, Wed,27,Aug,2003,8,18,19,29,44,45,42
800, Sat,23,Aug,2003,10,15,18,25,42,48,11
799, Wed,20,Aug,2003,5,6,34,37,42,48,31
798, Sat,16,Aug,2003,1,9,10,12,42,45,27
797, Wed,13,Aug,2003,10,15,16,18,19,28,8
796, Sat,9,Aug,2003,11,14,19,25,30,41,38
795, Wed,6,Aug,2003,1,8,13,22,36,45,21
794, Sat,2,Aug,2003,5,26,28,45,47,49,8
793, Wed,30,Jul,2003,2,17,22,38,45,49,1
792, Sat,26,Jul,2003,1,12,16,26,37,49,23
791, Wed,23,Jul,2003,11,19,23,31,38,46,9
790, Sat,19,Jul,2003,3,9,10,17,34,48,36
789, Wed,16,Jul,2003,2,15,16,17,26,42,35
788, Sat,12,Jul,2003,9,12,13,15,21,33,43
787, Wed,9,Jul,2003,2,7,24,30,31,35,18
786, Sat,5,Jul,2003,6,10,18,19,22,43,8
785, Wed,2,Jul,2003,1,14,17,23,30,47,12
784, Sat,28,Jun,2003,1,10,17,23,29,35,36
783, Wed,25,Jun,2003,2,6,7,23,27,30,21
782, Sat,21,Jun,2003,12,20,36,39,44,45,49
781, Wed,18,Jun,2003,16,18,26,32,38,40,27
780, Sat,14,Jun,2003,3,12,29,37,43,46,11
779, Wed,11,Jun,2003,9,13,22,39,48,49,14
778, Sat,7,Jun,2003,2,5,6,17,18,30,29
777, Wed,4,Jun,2003,7,20,27,40,43,49,12
776, Sat,31,May,2003,2,9,12,22,25,26,21
775, Wed,28,May,2003,1,7,15,25,27,32,22
774, Sat,24,May,2003,4,22,25,30,34,42,35
773, Wed,21,May,2003,18,19,21,32,35,39,42
772, Sat,17,May,2003,8,12,15,22,36,48,37
771, Wed,14,May,2003,1,3,4,16,17,27,7
770, Sat,10,May,2003,8,18,24,26,32,38,31
769, Wed,7,May,2003,7,12,26,33,35,47,28
768, Sat,3,May,2003,3,6,7,29,46,49,37
767, Wed,30,Apr,2003,16,20,26,35,43,46,10
766, Sat,26,Apr,2003,9,21,27,33,35,48,18
765, Wed,23,Apr,2003,13,24,31,33,41,44,5
764, Sat,19,Apr,2003,8,10,13,31,38,48,14
763, Wed,16,Apr,2003,5,7,23,29,38,47,26
762, Sat,12,Apr,2003,3,5,16,25,43,45,23
761, Wed,9,Apr,2003,7,20,25,27,33,45,41
760, Sat,5,Apr,2003,9,26,30,31,38,45,32
759, Wed,2,Apr,2003,8,11,15,21,37,39,25
758, Sat,29,Mar,2003,5,15,21,33,35,42,26
757, Wed,26,Mar,2003,10,22,35,37,47,49,31
756, Sat,22,Mar,2003,2,8,10,45,47,49,9
755, Wed,19,Mar,2003,2,10,15,16,18,39,36
754, Sat,15,Mar,2003,4,24,25,28,38,47,11
753, Wed,12,Mar,2003,6,16,33,37,40,41,25
752, Sat,8,Mar,2003,5,6,8,32,33,41,15
751, Wed,5,Mar,2003,3,8,12,23,34,46,24
750, Sat,1,Mar,2003,22,24,29,31,44,45,35
749, Wed,26,Feb,2003,5,18,34,38,40,45,22
748, Sat,22,Feb,2003,19,30,33,38,42,44,31
747, Wed,19,Feb,2003,1,4,10,17,28,35,32
746, Sat,15,Feb,2003,4,20,32,44,48,49,27
745, Wed,12,Feb,2003,12,17,18,20,30,35,49
744, Sat,8,Feb,2003,23,27,32,37,41,43,35
743, Wed,5,Feb,2003,1,13,17,26,42,46,30
742, Sat,1,Feb,2003,2,13,30,39,45,47,21
741, Wed,29,Jan,2003,1,6,26,29,37,48,27
740, Sat,25,Jan,2003,3,19,35,38,39,42,1
739, Wed,22,Jan,2003,5,16,23,35,44,47,46
738, Sat,18,Jan,2003,4,11,20,35,43,46,18
737, Wed,15,Jan,2003,11,29,33,38,46,48,44
736, Sat,11,Jan,2003,9,18,22,26,37,41,20
735, Wed,8,Jan,2003,10,12,22,34,46,48,3
734, Sat,4,Jan,2003,19,32,33,36,40,45,28
733, Wed,1,Jan,2003,3,22,27,29,34,41,31
732, Sat,28,Dec,2002,2,18,20,32,36,37,5
731, Tue,24,Dec,2002,4,8,9,19,32,46,17
730, Sat,21,Dec,2002,4,22,23,37,43,44,19
729, Wed,18,Dec,2002,11,17,21,22,40,42,19
728, Sat,14,Dec,2002,11,21,38,39,45,47,26
727, Wed,11,Dec,2002,10,13,15,16,29,48,49
726, Sat,7,Dec,2002,2,19,29,34,35,36,18
725, Wed,4,Dec,2002,2,4,23,26,28,40,29
724, Sat,30,Nov,2002,6,7,20,29,37,39,25
723, Wed,27,Nov,2002,11,25,35,36,42,47,18
722, Sat,23,Nov,2002,5,6,12,19,30,47,25
721, Wed,20,Nov,2002,16,18,19,44,46,48,3
720, Sat,16,Nov,2002,10,30,34,42,48,49,6
719, Wed,13,Nov,2002,3,6,8,14,24,31,35
718, Sat,9,Nov,2002,4,5,8,19,31,37,36
717, Wed,6,Nov,2002,2,6,8,21,41,42,7
716, Sat,2,Nov,2002,5,28,32,39,42,48,21
715, Wed,30,Oct,2002,10,21,26,31,48,49,29
714, Sat,26,Oct,2002,7,10,24,32,33,45,29
713, Wed,23,Oct,2002,11,26,36,43,44,46,29
712, Sat,19,Oct,2002,12,30,43,44,45,47,10
711, Wed,16,Oct,2002,13,19,25,28,34,45,32
710, Sat,12,Oct,2002,16,18,35,36,39,48,15
709, Wed,9,Oct,2002,7,22,25,31,44,47,1
708, Sat,5,Oct,2002,15,16,18,36,37,49,28
707, Wed,2,Oct,2002,2,3,14,15,21,48,8
706, Sat,28,Sep,2002,2,9,10,11,13,16,26
705, Wed,25,Sep,2002,6,21,29,32,33,47,4
704, Sat,21,Sep,2002,1,6,7,11,13,30,27
703, Wed,18,Sep,2002,4,7,12,29,37,42,14
702, Sat,14,Sep,2002,8,14,24,27,29,32,21
701, Wed,11,Sep,2002,15,20,28,37,40,44,23
700, Sat,7,Sep,2002,7,21,29,31,38,41,28
699, Wed,4,Sep,2002,2,23,28,33,45,47,13
698, Sat,31,Aug,2002,2,18,23,31,43,46,11
697, Wed,28,Aug,2002,4,7,9,17,36,46,23
696, Sat,24,Aug,2002,4,17,26,28,38,46,3
695, Wed,21,Aug,2002,5,14,19,32,34,42,35
694, Sat,17,Aug,2002,19,20,31,32,35,40,23
693, Wed,14,Aug,2002,1,6,8,20,29,38,31
692, Sat,10,Aug,2002,13,16,23,28,31,32,18
691, Wed,7,Aug,2002,10,22,23,30,33,42,36
690, Sat,3,Aug,2002,6,11,19,35,36,44,39
689, Wed,31,Jul,2002,9,13,15,23,26,45,49
688, Sat,27,Jul,2002,24,26,28,29,34,44,45
687, Wed,24,Jul,2002,7,13,21,34,35,43,10
686, Sat,20,Jul,2002,7,10,16,34,47,48,36
685, Wed,17,Jul,2002,10,11,31,41,45,46,42
684, Sat,13,Jul,2002,15,21,23,24,31,32,8
683, Wed,10,Jul,2002,4,18,19,20,30,43,24
682, Sat,6,Jul,2002,1,20,42,43,44,49,9
681, Wed,3,Jul,2002,2,4,5,22,27,29,24
680, Sat,29,Jun,2002,4,25,28,36,42,49,37
679, Wed,26,Jun,2002,6,7,25,33,38,43,23
678, Sat,22,Jun,2002,14,17,18,22,32,37,12
677, Wed,19,Jun,2002,18,21,32,36,39,41,9
676, Sat,15,Jun,2002,3,13,14,23,30,36,32
675, Wed,12,Jun,2002,1,2,10,34,47,48,12
674, Sat,8,Jun,2002,15,16,18,28,36,47,49
673, Wed,5,Jun,2002,3,5,7,26,43,47,10
672, Sat,1,Jun,2002,13,19,27,36,41,44,3
671, Wed,29,May,2002,19,26,30,34,40,44,13
670, Sat,25,May,2002,7,14,15,25,27,40,18
669, Wed,22,May,2002,5,9,18,39,43,46,48
668, Sat,18,May,2002,21,22,30,31,38,48,13
667, Wed,15,May,2002,4,6,10,19,40,49,9
666, Sat,11,May,2002,1,25,27,35,43,46,22
665, Wed,8,May,2002,8,10,42,44,47,49,14
664, Sat,4,May,2002,8,9,11,17,45,47,24
663, Wed,1,May,2002,10,15,19,22,24,32,41
662, Sat,27,Apr,2002,11,19,32,33,43,44,3
661, Wed,24,Apr,2002,3,13,17,20,21,30,23
660, Sat,20,Apr,2002,7,14,21,32,43,44,31
659, Wed,17,Apr,2002,5,13,19,30,32,43,6
658, Sat,13,Apr,2002,3,19,22,40,41,44,35
657, Wed,10,Apr,2002,5,11,24,26,34,41,2
656, Sat,6,Apr,2002,17,18,32,35,39,48,8
655, Wed,3,Apr,2002,4,8,18,26,32,34,10
654, Sat,30,Mar,2002,8,14,25,36,38,47,15
653, Wed,27,Mar,2002,6,9,20,24,35,36,39
652, Sat,23,Mar,2002,9,24,28,30,31,40,49
651, Wed,20,Mar,2002,10,18,25,28,37,43,14
650, Sat,16,Mar,2002,5,6,26,41,42,44,11
649, Wed,13,Mar,2002,1,7,15,23,27,34,26
648, Sat,9,Mar,2002,9,18,20,21,39,48,6
647, Wed,6,Mar,2002,5,17,20,31,33,34,26
646, Sat,2,Mar,2002,8,11,25,33,37,43,30
645, Wed,27,Feb,2002,6,12,28,31,39,44,42
644, Sat,23,Feb,2002,8,9,27,34,43,48,25
643, Wed,20,Feb,2002,17,21,24,25,46,49,22
642, Sat,16,Feb,2002,10,20,24,36,37,44,1
641, Wed,13,Feb,2002,4,7,12,13,16,29,22
640, Sat,9,Feb,2002,7,15,20,28,40,48,4
639, Wed,6,Feb,2002,2,13,20,36,37,40,34
638, Sat,2,Feb,2002,6,12,30,39,45,46,11
637, Wed,30,Jan,2002,12,19,27,39,42,47,4
636, Sat,26,Jan,2002,10,13,20,25,27,32,1
635, Wed,23,Jan,2002,6,8,14,19,20,44,41
634, Sat,19,Jan,2002,7,18,34,37,39,42,21
633, Wed,16,Jan,2002,15,16,23,27,32,44,17
632, Sat,12,Jan,2002,1,3,11,12,20,24,38
631, Wed,9,Jan,2002,16,20,28,29,41,45,12
630, Sat,5,Jan,2002,2,16,28,34,41,42,38
629, Wed,2,Jan,2002,2,6,20,24,29,32,21
628, Sat,29,Dec,2001,11,19,31,32,36,45,41
627, Wed,26,Dec,2001,10,17,26,29,36,37,16
626, Sat,22,Dec,2001,1,9,10,12,23,40,8
625, Wed,19,Dec,2001,7,28,34,43,46,48,20
624, Sat,15,Dec,2001,5,7,13,24,35,40,16
623, Wed,12,Dec,2001,9,23,25,33,38,44,29
622, Sat,8,Dec,2001,1,14,16,30,34,42,9
621, Wed,5,Dec,2001,4,6,8,19,23,29,38
620, Sat,1,Dec,2001,2,14,19,26,34,48,11
619, Wed,28,Nov,2001,8,22,31,32,42,45,20
618, Sat,24,Nov,2001,23,27,30,37,38,42,28
617, Wed,21,Nov,2001,10,25,30,38,44,46,17
616, Sat,17,Nov,2001,12,19,30,34,37,41,1
615, Wed,14,Nov,2001,19,29,32,33,43,47,46
614, Sat,10,Nov,2001,6,23,24,25,30,49,39
613, Wed,7,Nov,2001,8,9,10,20,39,40,36
612, Sat,3,Nov,2001,10,31,34,39,43,44,17
611, Wed,31,Oct,2001,4,5,6,18,36,49,13
610, Sat,27,Oct,2001,2,21,23,24,27,38,33
609, Wed,24,Oct,2001,8,38,39,40,43,44,3
608, Sat,20,Oct,2001,1,3,6,19,21,26,14
607, Wed,17,Oct,2001,5,20,26,31,32,40,36
606, Sat,13,Oct,2001,8,33,38,40,48,49,6
605, Wed,10,Oct,2001,18,26,28,30,38,46,25
604, Sat,6,Oct,2001,9,12,29,33,44,47,45
603, Wed,3,Oct,2001,2,14,26,30,44,45,40
602, Sat,29,Sep,2001,2,14,17,22,38,44,35
601, Wed,26,Sep,2001,3,14,15,17,19,47,5
600, Sat,22,Sep,2001,6,14,35,45,46,49,16
599, Wed,19,Sep,2001,6,8,21,25,30,45,42
598, Sat,15,Sep,2001,2,9,15,17,40,48,23
597, Wed,12,Sep,2001,11,21,25,27,30,35,40
596, Sat,8,Sep,2001,1,6,13,18,20,49,30
595, Wed,5,Sep,2001,15,23,24,27,43,48,12
594, Sat,1,Sep,2001,1,9,32,34,38,49,3
593, Wed,29,Aug,2001,4,5,9,13,29,47,36
592, Sat,25,Aug,2001,1,10,14,30,36,43,20
591, Wed,22,Aug,2001,14,20,22,29,33,37,45
590, Sat,18,Aug,2001,11,16,18,22,23,31,37
589, Wed,15,Aug,2001,4,6,18,21,35,38,31
588, Sat,11,Aug,2001,18,19,25,36,38,40,42
587, Wed,8,Aug,2001,26,29,31,32,39,46,33
586, Sat,4,Aug,2001,4,7,11,15,28,47,39
585, Wed,1,Aug,2001,11,15,20,27,33,40,14
584, Sat,28,Jul,2001,3,13,29,31,36,45,44
583, Wed,25,Jul,2001,1,2,3,8,30,37,19
582, Sat,21,Jul,2001,1,9,13,18,27,45,29
581, Wed,18,Jul,2001,2,25,31,37,41,45,6
580, Sat,14,Jul,2001,7,11,14,22,37,38,36
579, Wed,11,Jul,2001,11,16,19,24,33,47,39
578, Sat,7,Jul,2001,24,34,37,38,41,49,15
577, Wed,4,Jul,2001,13,28,32,38,40,47,27
576, Sat,30,Jun,2001,9,15,22,43,46,48,21
575, Wed,27,Jun,2001,12,18,39,43,45,49,33
574, Sat,23,Jun,2001,7,15,16,24,25,46,37
573, Wed,20,Jun,2001,11,18,24,31,34,49,48
572, Sat,16,Jun,2001,7,25,31,35,39,45,8
571, Wed,13,Jun,2001,12,14,19,33,35,48,40
570, Sat,9,Jun,2001,12,14,24,33,45,48,31
569, Wed,6,Jun,2001,12,16,35,37,38,47,26
568, Sat,2,Jun,2001,7,11,19,24,32,39,29
567, Wed,30,May,2001,7,15,23,35,39,44,48
566, Sat,26,May,2001,3,15,22,29,35,49,20
565, Wed,23,May,2001,4,11,30,31,44,47,21
564, Sat,19,May,2001,4,12,30,33,43,48,35
563, Wed,16,May,2001,1,25,27,33,38,45,4
562, Sat,12,May,2001,6,29,30,38,39,45,22
561, Wed,9,May,2001,9,18,27,30,32,48,46
560, Sat,5,May,2001,1,3,16,33,46,47,35
559, Wed,2,May,2001,2,17,20,23,28,43,16
558, Sat,28,Apr,2001,2,25,33,40,44,47,17
557, Wed,25,Apr,2001,10,11,24,35,40,44,33
556, Sat,21,Apr,2001,12,20,23,26,33,46,1
555, Wed,18,Apr,2001,30,35,41,44,46,49,33
554, Sat,14,Apr,2001,7,24,35,41,42,47,12
553, Wed,11,Apr,2001,2,19,37,38,44,49,33
552, Sat,7,Apr,2001,9,19,30,32,34,44,18
551, Wed,4,Apr,2001,10,16,23,24,28,45,46
550, Sat,31,Mar,2001,22,23,26,34,37,44,8
549, Wed,28,Mar,2001,2,25,34,35,36,39,26
548, Sat,24,Mar,2001,6,25,31,32,42,43,38
547, Wed,21,Mar,2001,11,22,27,34,39,42,36
546, Sat,17,Mar,2001,1,3,15,26,45,46,48
545, Wed,14,Mar,2001,1,5,8,31,37,38,15
544, Sat,10,Mar,2001,2,4,12,21,36,37,46
543, Wed,7,Mar,2001,3,12,30,33,40,49,22
542, Sat,3,Mar,2001,7,14,20,24,38,48,17
541, Wed,28,Feb,2001,4,9,12,13,22,32,8
540, Sat,24,Feb,2001,1,3,12,28,29,41,42
539, Wed,21,Feb,2001,8,10,24,30,40,44,17
538, Sat,17,Feb,2001,10,14,31,35,40,45,26
537, Wed,14,Feb,2001,3,10,23,27,30,32,19
536, Sat,10,Feb,2001,7,9,12,17,20,32,30
535, Wed,7,Feb,2001,2,5,33,37,40,45,22
534, Sat,3,Feb,2001,2,15,16,17,25,26,44
533, Wed,31,Jan,2001,1,16,33,36,38,45,48
532, Sat,27,Jan,2001,4,12,15,39,45,47,22
531, Wed,24,Jan,2001,10,11,28,29,31,39,24
530, Sat,20,Jan,2001,13,17,22,41,43,47,28
529, Wed,17,Jan,2001,10,13,24,31,36,47,41
528, Sat,13,Jan,2001,12,23,28,34,36,40,18
527, Wed,10,Jan,2001,10,14,15,23,24,27,39
526, Sat,6,Jan,2001,6,16,23,34,35,40,37
525, Wed,3,Jan,2001,5,6,16,17,19,22,40
524, Sat,30,Dec,2000,1,7,16,18,38,47,10
523, Wed,27,Dec,2000,9,24,26,36,37,42,25
522, Sat,23,Dec,2000,2,16,17,23,37,38,6
521, Wed,20,Dec,2000,5,8,39,41,46,49,13
520, Sat,16,Dec,2000,17,21,26,29,34,39,37
519, Wed,13,Dec,2000,3,12,23,34,38,39,11
518, Sat,9,Dec,2000,11,16,25,31,32,33,23
517, Wed,6,Dec,2000,6,10,13,19,27,47,25
516, Sat,2,Dec,2000,2,19,28,37,46,47,38
515, Wed,29,Nov,2000,7,19,28,30,33,37,29
514, Sat,25,Nov,2000,3,6,20,42,43,48,30
513, Wed,22,Nov,2000,4,12,20,23,31,33,16
512, Sat,18,Nov,2000,6,9,11,21,27,43,17
511, Wed,15,Nov,2000,13,19,28,31,41,44,6
510, Sat,11,Nov,2000,18,23,28,34,35,47,11
509, Wed,8,Nov,2000,2,5,9,16,27,43,28
508, Sat,4,Nov,2000,2,8,17,29,33,44,11
507, Wed,1,Nov,2000,4,9,20,23,38,45,47
506, Sat,28,Oct,2000,1,13,14,23,31,47,9
505, Wed,25,Oct,2000,6,9,13,14,26,38,22
504, Sat,21,Oct,2000,8,14,15,18,24,44,31
503, Wed,18,Oct,2000,4,6,11,19,32,36,23
502, Sat,14,Oct,2000,7,22,31,37,38,40,30
501, Wed,11,Oct,2000,6,10,19,30,34,41,26
500, Sat,7,Oct,2000,1,6,20,28,31,45,26
499, Wed,4,Oct,2000,10,14,19,43,46,49,2
498, Sat,30,Sep,2000,12,15,27,32,40,44,35
497, Wed,27,Sep,2000,4,10,24,28,40,47,25
496, Sat,23,Sep,2000,6,16,18,32,35,45,46
495, Wed,20,Sep,2000,7,25,30,34,38,39,28
494, Sat,16,Sep,2000,4,22,23,26,42,47,5
493, Wed,13,Sep,2000,14,20,25,32,47,49,34
492, Sat,9,Sep,2000,3,4,24,25,35,43,7
491, Wed,6,Sep,2000,6,7,11,23,32,44,34
490, Sat,2,Sep,2000,11,12,21,31,36,40,22
489, Wed,30,Aug,2000,13,21,24,38,40,41,9
488, Sat,26,Aug,2000,4,11,16,29,34,35,13
487, Wed,23,Aug,2000,3,31,32,37,38,47,20
486, Sat,19,Aug,2000,5,22,34,38,43,46,9
485, Wed,16,Aug,2000,11,24,33,34,37,45,43
484, Sat,12,Aug,2000,6,31,35,36,43,46,33
483, Wed,9,Aug,2000,10,14,32,35,36,43,37
482, Sat,5,Aug,2000,1,3,35,37,39,48,26
481, Wed,2,Aug,2000,26,35,38,39,44,46,1
480, Sat,29,Jul,2000,29,30,33,37,45,48,15
479, Wed,26,Jul,2000,2,28,29,40,43,47,30
478, Sat,22,Jul,2000,13,16,43,45,47,48,36
477, Wed,19,Jul,2000,16,23,31,33,38,41,20
476, Sat,15,Jul,2000,1,2,7,35,39,44,14
475, Wed,12,Jul,2000,4,12,21,27,41,49,40
474, Sat,8,Jul,2000,21,30,35,38,41,46,26
473, Wed,5,Jul,2000,6,11,19,23,25,28,35
472, Sat,1,Jul,2000,11,16,22,39,42,48,38
471, Wed,28,Jun,2000,8,10,27,38,40,46,3
470, Sat,24,Jun,2000,6,9,32,34,42,48,4
469, Wed,21,Jun,2000,1,10,24,33,37,46,4
468, Sat,17,Jun,2000,4,22,24,25,40,43,6
467, Wed,14,Jun,2000,4,7,23,24,26,38,3
466, Sat,10,Jun,2000,1,14,15,35,44,47,34
465, Wed,7,Jun,2000,2,5,20,24,28,39,21
464, Sat,3,Jun,2000,3,8,19,35,36,48,21
463, Wed,31,May,2000,1,11,14,19,38,44,45
462, Sat,27,May,2000,21,23,33,34,43,45,40
461, Wed,24,May,2000,6,8,21,36,38,46,33
460, Sat,20,May,2000,7,11,18,21,25,44,28
459, Wed,17,May,2000,1,10,11,15,21,48,7
458, Sat,13,May,2000,6,30,35,42,44,45,33
457, Wed,10,May,2000,10,18,29,37,38,46,4
456, Sat,6,May,2000,2,3,30,31,41,45,23
455, Wed,3,May,2000,5,6,24,36,38,48,15
454, Sat,29,Apr,2000,15,16,19,27,29,42,24
453, Wed,26,Apr,2000,4,9,14,28,36,39,6
452, Sat,22,Apr,2000,26,31,35,43,48,49,38
451, Wed,19,Apr,2000,1,3,7,19,29,44,25
450, Sat,15,Apr,2000,2,23,28,31,46,48,42
449, Wed,12,Apr,2000,9,12,19,22,26,34,44
448, Sat,8,Apr,2000,18,23,30,46,47,49,31
447, Wed,5,Apr,2000,2,3,7,10,40,48,37
446, Sat,1,Apr,2000,3,11,19,25,29,30,16
445, Wed,29,Mar,2000,11,18,20,23,28,32,15
444, Sat,25,Mar,2000,15,22,23,27,32,37,43
443, Wed,22,Mar,2000,6,18,20,33,36,40,10
442, Sat,18,Mar,2000,5,8,15,16,22,39,31
441, Wed,15,Mar,2000,7,12,25,28,30,40,37
440, Sat,11,Mar,2000,7,12,37,42,46,49,9
439, Wed,8,Mar,2000,6,18,22,32,36,46,24
438, Sat,4,Mar,2000,11,13,19,26,28,47,8
437, Wed,1,Mar,2000,4,8,10,12,15,30,34
436, Sat,26,Feb,2000,3,5,6,8,16,45,1
435, Wed,23,Feb,2000,11,17,18,20,39,47,43
434, Sat,19,Feb,2000,1,5,11,32,43,46,38
433, Wed,16,Feb,2000,6,7,12,16,19,42,18
432, Sat,12,Feb,2000,4,6,12,17,18,19,37
431, Wed,9,Feb,2000,3,6,14,19,32,41,35
430, Sat,5,Feb,2000,21,38,40,46,47,49,48
429, Wed,2,Feb,2000,10,30,31,32,39,42,25
428, Sat,29,Jan,2000,5,7,17,21,27,48,37
427, Wed,26,Jan,2000,6,14,21,28,41,43,30
426, Sat,22,Jan,2000,7,9,10,40,41,44,14
425, Wed,19,Jan,2000,4,16,17,43,46,48,5
424, Sat,15,Jan,2000,10,12,16,17,31,47,21
423, Wed,12,Jan,2000,3,10,14,17,19,27,49
422, Sat,8,Jan,2000,13,18,32,34,39,41,2
421, Wed,5,Jan,2000,5,22,25,30,31,33,7
420, Sat,1,Jan,2000,2,5,14,23,27,48,38
419, Wed,29,Dec,1999,16,26,33,36,39,47,43
418, Fri,24,Dec,1999,2,21,23,24,25,35,38
417, Wed,22,Dec,1999,29,32,39,46,47,49,24
416, Sat,18,Dec,1999,6,7,12,13,18,29,25
415, Wed,15,Dec,1999,4,9,16,35,43,44,27
414, Sat,11,Dec,1999,5,9,27,37,43,46,28
413, Wed,8,Dec,1999,7,10,11,26,31,33,39
412, Sat,4,Dec,1999,16,23,25,31,35,47,48
411, Wed,1,Dec,1999,28,36,37,38,42,47,23
410, Sat,27,Nov,1999,8,10,22,46,47,49,32
409, Wed,24,Nov,1999,1,12,16,33,34,44,37
408, Sat,20,Nov,1999,7,9,15,20,29,34,6
407, Wed,17,Nov,1999,2,6,23,31,33,36,20
406, Sat,13,Nov,1999,7,10,21,28,29,39,2
405, Wed,10,Nov,1999,2,10,18,19,28,35,26
404, Sat,6,Nov,1999,8,10,23,34,36,46,2
403, Wed,3,Nov,1999,3,22,25,31,35,37,48
402, Sat,30,Oct,1999,10,15,17,27,44,47,14
401, Wed,27,Oct,1999,4,9,13,22,25,32,3
400, Sat,23,Oct,1999,4,8,10,15,25,39,49
399, Wed,20,Oct,1999,9,18,27,29,33,43,48
398, Sat,16,Oct,1999,11,25,27,31,40,41,12
397, Wed,13,Oct,1999,3,19,23,29,33,34,10
396, Sat,9,Oct,1999,8,15,26,29,38,46,12
395, Wed,6,Oct,1999,9,13,19,21,30,45,37
394, Sat,2,Oct,1999,3,14,28,37,38,49,33
393, Wed,29,Sep,1999,1,3,8,33,39,43,49
392, Sat,25,Sep,1999,18,20,26,30,43,49,36
391, Wed,22,Sep,1999,6,16,21,28,37,44,15
390, Sat,18,Sep,1999,5,11,15,18,23,33,38
389, Wed,15,Sep,1999,9,14,27,30,32,49,3
388, Sat,11,Sep,1999,2,4,16,21,29,46,5
387, Wed,8,Sep,1999,8,10,17,22,36,38,34
386, Sat,4,Sep,1999,3,5,7,10,14,20,16
385, Wed,1,Sep,1999,3,5,19,27,39,49,15
384, Sat,28,Aug,1999,6,14,15,17,27,47,29
383, Wed,25,Aug,1999,1,8,20,22,36,48,11
382, Sat,21,Aug,1999,12,15,16,17,42,48,45
381, Wed,18,Aug,1999,6,8,13,34,38,45,17
380, Sat,14,Aug,1999,1,9,18,24,38,44,26
379, Wed,11,Aug,1999,1,15,22,38,39,48,25
378, Sat,7,Aug,1999,4,7,19,22,24,46,47
377, Wed,4,Aug,1999,3,4,9,29,31,36,41
376, Sat,31,Jul,1999,12,26,27,32,46,49,42
375, Wed,28,Jul,1999,3,14,30,32,46,49,10
374, Sat,24,Jul,1999,8,25,26,37,38,48,24
373, Wed,21,Jul,1999,12,17,26,32,33,46,4
372, Sat,17,Jul,1999,3,15,23,42,45,48,46
371, Wed,14,Jul,1999,1,15,21,37,41,42,43
370, Sat,10,Jul,1999,5,7,15,26,35,40,45
369, Wed,7,Jul,1999,4,6,8,41,43,44,28
368, Sat,3,Jul,1999,11,17,28,36,42,44,37
367, Wed,30,Jun,1999,2,14,19,25,32,49,31
366, Sat,26,Jun,1999,2,17,18,23,30,40,43
365, Wed,23,Jun,1999,8,11,18,30,33,43,34
364, Sat,19,Jun,1999,4,6,20,24,41,42,38
363, Wed,16,Jun,1999,17,21,25,37,38,45,5
362, Sat,12,Jun,1999,3,18,21,23,36,49,47
361, Wed,9,Jun,1999,8,10,12,34,46,48,20
360, Sat,5,Jun,1999,11,20,24,28,35,48,33
359, Wed,2,Jun,1999,17,23,27,34,36,37,12
358, Sat,29,May,1999,3,7,9,12,43,44,45
357, Wed,26,May,1999,14,22,26,29,33,46,10
356, Sat,22,May,1999,8,11,14,24,26,49,45
355, Wed,19,May,1999,1,2,5,27,38,49,41
354, Sat,15,May,1999,4,14,18,24,27,40,33
353, Wed,12,May,1999,8,9,26,29,38,47,44
352, Sat,8,May,1999,1,12,24,31,33,47,7
351, Wed,5,May,1999,7,13,17,22,39,44,18
350, Sat,1,May,1999,7,20,24,31,33,40,49
349, Wed,28,Apr,1999,15,23,24,36,43,49,11
348, Sat,24,Apr,1999,3,8,11,25,46,47,30
347, Wed,21,Apr,1999,3,12,22,31,44,46,45
346, Sat,17,Apr,1999,3,16,28,29,41,46,6
345, Wed,14,Apr,1999,5,9,12,25,30,32,38
344, Sat,10,Apr,1999,10,18,25,32,35,36,2
343, Wed,7,Apr,1999,10,15,23,27,29,46,38
342, Sat,3,Apr,1999,3,7,9,15,40,43,11
341, Wed,31,Mar,1999,1,5,12,24,26,38,11
340, Sat,27,Mar,1999,9,25,30,36,44,48,2
339, Wed,24,Mar,1999,13,21,27,32,45,48,22
338, Sat,20,Mar,1999,13,17,25,29,45,49,28
337, Wed,17,Mar,1999,1,7,29,38,45,46,35
336, Sat,13,Mar,1999,1,2,15,17,24,44,22
335, Wed,10,Mar,1999,8,18,27,32,36,49,46
334, Sat,6,Mar,1999,8,32,33,37,43,47,45
333, Wed,3,Mar,1999,20,22,24,25,36,40,1
332, Sat,27,Feb,1999,1,7,13,15,38,43,47
331, Wed,24,Feb,1999,2,3,13,27,34,48,41
330, Sat,20,Feb,1999,3,9,17,23,29,40,44
329, Wed,17,Feb,1999,2,22,31,32,40,42,33
328, Sat,13,Feb,1999,5,23,26,27,47,49,48
327, Wed,10,Feb,1999,2,20,21,33,35,49,32
326, Sat,6,Feb,1999,2,17,23,38,40,49,10
325, Wed,3,Feb,1999,3,16,18,24,39,47,17
324, Sat,30,Jan,1999,7,19,32,37,40,44,47
323, Wed,27,Jan,1999,2,3,6,20,21,22,11
322, Sat,23,Jan,1999,1,8,10,17,32,47,2
321, Wed,20,Jan,1999,4,8,14,19,28,40,12
320, Sat,16,Jan,1999,11,26,28,32,41,42,44
319, Wed,13,Jan,1999,6,25,27,35,42,48,15
318, Sat,9,Jan,1999,1,15,23,34,37,40,45
317, Wed,6,Jan,1999,2,11,18,21,23,47,27
316, Sat,2,Jan,1999,4,31,33,38,41,46,22
315, Wed,30,Dec,1998,3,13,18,24,34,49,33
314, Sat,26,Dec,1998,2,8,11,32,35,41,4
313, Wed,23,Dec,1998,4,12,18,30,38,47,20
312, Sat,19,Dec,1998,9,10,18,25,28,48,34
311, Wed,16,Dec,1998,11,19,20,24,29,40,9
310, Sat,12,Dec,1998,26,28,38,39,41,46,25
309, Wed,9,Dec,1998,1,7,39,40,45,49,38
308, Sat,5,Dec,1998,4,7,23,26,27,35,28
307, Wed,2,Dec,1998,7,11,16,28,37,49,30
306, Sat,28,Nov,1998,4,25,26,30,37,45,46
305, Wed,25,Nov,1998,4,8,30,37,39,43,31
304, Sat,21,Nov,1998,7,9,17,22,38,49,47
303, Wed,18,Nov,1998,2,8,12,30,35,47,39
302, Sat,14,Nov,1998,7,11,12,17,23,39,42
301, Wed,11,Nov,1998,5,11,19,25,29,49,12
300, Sat,7,Nov,1998,13,24,25,31,32,44,43
299, Wed,4,Nov,1998,2,9,11,23,24,42,27
298, Sat,31,Oct,1998,5,9,12,14,18,38,35
297, Wed,28,Oct,1998,1,2,7,17,31,49,41
296, Sat,24,Oct,1998,6,8,15,23,26,41,49
295, Wed,21,Oct,1998,3,11,15,41,42,48,26
294, Sat,17,Oct,1998,3,25,36,37,41,45,9
293, Wed,14,Oct,1998,1,2,5,15,41,45,24
292, Sat,10,Oct,1998,11,13,21,26,43,46,38
291, Wed,7,Oct,1998,2,12,24,29,30,33,41
290, Sat,3,Oct,1998,1,11,18,19,22,32,41
289, Wed,30,Sep,1998,10,12,14,28,31,38,27
288, Sat,26,Sep,1998,6,15,18,29,35,40,49
287, Wed,23,Sep,1998,9,11,14,26,28,39,27
286, Sat,19,Sep,1998,24,26,27,28,34,40,9
285, Wed,16,Sep,1998,18,25,28,36,40,45,43
284, Sat,12,Sep,1998,3,15,23,25,28,33,29
283, Wed,9,Sep,1998,1,2,9,27,28,32,25
282, Sat,5,Sep,1998,9,10,11,27,42,47,8
281, Wed,2,Sep,1998,7,19,27,33,39,43,9
280, Sat,29,Aug,1998,10,12,37,42,44,45,20
279, Wed,26,Aug,1998,3,20,26,27,30,43,45
278, Sat,22,Aug,1998,2,10,11,27,32,38,6
277, Wed,19,Aug,1998,5,27,34,44,46,48,49
276, Sat,15,Aug,1998,3,5,15,22,31,35,47
275, Wed,12,Aug,1998,12,21,23,25,44,49,20
274, Sat,8,Aug,1998,2,5,17,21,45,47,25
273, Wed,5,Aug,1998,13,35,38,40,42,47,34
272, Sat,1,Aug,1998,12,14,31,41,48,49,6
271, Wed,29,Jul,1998,1,7,23,29,38,48,2
270, Sat,25,Jul,1998,18,25,36,38,43,44,19
269, Wed,22,Jul,1998,28,34,38,39,46,47,21
268, Sat,18,Jul,1998,3,11,20,33,42,44,36
267, Wed,15,Jul,1998,1,15,23,31,35,39,14
266, Sat,11,Jul,1998,3,14,23,30,39,43,32
265, Wed,8,Jul,1998,12,13,21,23,33,36,14
264, Sat,4,Jul,1998,9,15,25,29,32,49,14
263, Wed,1,Jul,1998,17,18,28,40,44,46,29
262, Sat,27,Jun,1998,7,9,11,23,30,43,35
261, Wed,24,Jun,1998,2,14,19,25,26,33,18
260, Sat,20,Jun,1998,1,14,27,31,38,47,32
259, Wed,17,Jun,1998,2,10,16,17,20,27,39
258, Sat,13,Jun,1998,2,7,10,15,27,45,31
257, Wed,10,Jun,1998,2,9,26,28,33,46,21
256, Sat,6,Jun,1998,1,15,23,31,42,48,5
255, Wed,3,Jun,1998,1,17,18,23,33,41,42
254, Sat,30,May,1998,2,3,14,29,38,40,43
253, Wed,27,May,1998,8,13,15,26,39,42,33
252, Sat,23,May,1998,8,20,24,35,43,47,32
251, Wed,20,May,1998,11,15,31,35,36,42,10
250, Sat,16,May,1998,2,4,6,10,34,44,21
249, Wed,13,May,1998,3,13,16,23,41,42,21
248, Sat,9,May,1998,2,9,25,26,35,40,47
247, Wed,6,May,1998,6,7,14,19,22,27,9
246, Sat,2,May,1998,2,4,16,24,29,49,47
245, Wed,29,Apr,1998,12,15,28,34,36,40,1
244, Sat,25,Apr,1998,17,22,36,38,43,48,16
243, Wed,22,Apr,1998,3,7,9,10,12,37,46
242, Sat,18,Apr,1998,1,13,29,31,33,42,9
241, Wed,15,Apr,1998,1,12,18,26,29,36,2
240, Sat,11,Apr,1998,7,10,31,35,43,44,37
239, Wed,8,Apr,1998,9,22,37,41,43,47,14
238, Sat,4,Apr,1998,5,19,24,33,38,48,20
237, Wed,1,Apr,1998,1,2,24,36,37,38,31
236, Sat,28,Mar,1998,11,13,23,28,29,37,8
235, Wed,25,Mar,1998,1,6,10,25,31,45,8
234, Sat,21,Mar,1998,2,15,23,26,41,43,5
233, Wed,18,Mar,1998,12,25,31,39,46,47,1
232, Sat,14,Mar,1998,2,15,18,26,36,38,42
231, Wed,11,Mar,1998,16,22,23,28,33,37,17
230, Sat,7,Mar,1998,4,11,14,39,43,44,37
229, Wed,4,Mar,1998,6,28,30,34,41,45,12
228, Sat,28,Feb,1998,1,7,15,18,30,31,9
227, Wed,25,Feb,1998,9,21,27,36,42,48,13
226, Sat,21,Feb,1998,2,16,25,27,37,45,10
225, Wed,18,Feb,1998,1,5,10,13,25,32,48
224, Sat,14,Feb,1998,8,13,14,17,20,28,10
223, Wed,11,Feb,1998,11,32,38,42,46,49,26
222, Sat,7,Feb,1998,9,25,27,31,42,45,24
221, Wed,4,Feb,1998,13,17,32,35,42,45,20
220, Sat,31,Jan,1998,17,22,30,40,46,48,10
219, Wed,28,Jan,1998,4,12,15,31,32,47,14
218, Sat,24,Jan,1998,1,4,6,14,24,49,22
217, Wed,21,Jan,1998,5,12,24,35,36,38,34
216, Sat,17,Jan,1998,14,31,33,38,46,48,26
215, Wed,14,Jan,1998,20,27,28,31,33,41,38
214, Sat,10,Jan,1998,3,10,11,27,47,49,8
213, Wed,7,Jan,1998,7,14,25,32,36,38,44
212, Sat,3,Jan,1998,1,13,26,28,35,45,30
211, Wed,31,Dec,1997,8,13,18,21,23,29,30
210, Sat,27,Dec,1997,14,21,28,31,40,46,9
209, Wed,24,Dec,1997,5,6,11,29,36,41,47
208, Sat,20,Dec,1997,1,2,7,26,34,38,14
207, Wed,17,Dec,1997,17,35,36,43,46,49,7
206, Sat,13,Dec,1997,3,4,11,14,30,32,46
205, Wed,10,Dec,1997,4,17,22,29,38,48,20
204, Sat,6,Dec,1997,5,9,19,21,30,49,43
203, Wed,3,Dec,1997,1,8,36,39,47,49,37
202, Sat,29,Nov,1997,2,8,21,29,46,47,28
201, Wed,26,Nov,1997,5,11,19,23,24,47,17
200, Sat,22,Nov,1997,8,14,24,28,39,45,29
199, Wed,19,Nov,1997,22,27,33,42,46,47,32
198, Sat,15,Nov,1997,11,14,23,32,34,35,41
197, Wed,12,Nov,1997,3,6,8,27,36,45,47
196, Sat,8,Nov,1997,5,24,34,37,40,48,33
195, Wed,5,Nov,1997,1,4,6,9,32,38,46
194, Sat,1,Nov,1997,9,10,14,16,37,39,28
193, Wed,29,Oct,1997,2,4,25,32,33,45,31
192, Sat,25,Oct,1997,10,21,27,38,40,44,34
191, Wed,22,Oct,1997,1,8,9,14,24,35,33
190, Sat,18,Oct,1997,4,9,25,28,32,46,47
189, Wed,15,Oct,1997,11,17,30,35,39,45,47
188, Sat,11,Oct,1997,15,17,18,27,34,40,29
187, Wed,8,Oct,1997,3,4,7,23,34,43,15
186, Sat,4,Oct,1997,12,19,28,36,40,46,38
185, Wed,1,Oct,1997,8,12,17,35,38,49,25
184, Sat,27,Sep,1997,15,21,29,32,33,40,42
183, Wed,24,Sep,1997,12,14,29,31,32,44,46
182, Sat,20,Sep,1997,9,30,38,40,43,44,31
181, Wed,17,Sep,1997,7,20,21,22,40,44,4
180, Sat,13,Sep,1997,1,2,5,31,32,40,44
179, Wed,10,Sep,1997,20,31,32,35,43,45,5
178, Sun,7,Sep,1997,20,22,26,36,40,41,16
177, Wed,3,Sep,1997,10,14,22,30,38,43,25
176, Sat,30,Aug,1997,6,20,30,33,38,46,42
175, Wed,27,Aug,1997,1,7,22,25,31,47,20
174, Sat,23,Aug,1997,4,10,25,36,44,47,29
173, Wed,20,Aug,1997,8,20,27,28,36,41,30
172, Sat,16,Aug,1997,2,9,19,20,38,49,11
171, Wed,13,Aug,1997,5,10,17,29,41,43,45
170, Sat,9,Aug,1997,1,18,20,25,30,31,44
169, Wed,6,Aug,1997,3,5,6,20,45,49,31
168, Sat,2,Aug,1997,2,16,28,37,43,47,31
167, Wed,30,Jul,1997,3,6,12,19,44,45,20
166, Sat,26,Jul,1997,9,15,20,27,30,41,31
165, Wed,23,Jul,1997,4,11,21,27,28,34,16
164, Sat,19,Jul,1997,7,19,36,44,45,47,4
163, Wed,16,Jul,1997,8,18,23,26,35,45,3
162, Sat,12,Jul,1997,4,9,27,37,44,45,7
161, Wed,9,Jul,1997,3,5,13,22,24,43,23
160, Sat,5,Jul,1997,1,4,11,36,43,44,41
159, Wed,2,Jul,1997,6,10,18,22,41,45,29
158, Sat,28,Jun,1997,2,9,14,36,43,48,27
157, Wed,25,Jun,1997,12,17,27,28,38,40,6
156, Sat,21,Jun,1997,1,17,26,27,30,44,47
155, Wed,18,Jun,1997,4,14,19,23,25,48,42
154, Sat,14,Jun,1997,3,8,10,16,43,44,34
153, Wed,11,Jun,1997,10,31,33,40,42,44,20
152, Sat,7,Jun,1997,12,14,21,25,30,40,3
151, Wed,4,Jun,1997,18,19,21,30,34,44,6
150, Sat,31,May,1997,2,5,9,28,29,45,49
149, Wed,28,May,1997,3,19,24,25,36,48,17
148, Sat,24,May,1997,3,21,23,25,26,33,24
147, Wed,21,May,1997,5,8,21,38,39,49,34
146, Sat,17,May,1997,2,9,13,18,27,48,24
145, Wed,14,May,1997,2,8,16,21,29,37,22
144, Sat,10,May,1997,12,19,22,23,25,44,2
143, Wed,7,May,1997,12,19,28,31,34,43,40
142, Sat,3,May,1997,6,20,29,31,35,40,21
141, Wed,30,Apr,1997,8,10,16,17,24,40,13
140, Sat,26,Apr,1997,6,10,14,25,27,38,5
139, Wed,23,Apr,1997,8,12,17,23,34,43,36
138, Sat,19,Apr,1997,1,14,16,25,32,37,11
137, Wed,16,Apr,1997,3,6,9,19,37,48,25
136, Sat,12,Apr,1997,9,27,29,37,42,44,21
135, Wed,9,Apr,1997,6,22,35,42,45,49,16
134, Sat,5,Apr,1997,1,3,28,31,41,46,33
133, Wed,2,Apr,1997,5,10,17,25,40,43,8
132, Sat,29,Mar,1997,17,19,31,36,39,40,25
131, Wed,26,Mar,1997,24,33,42,43,44,47,17
130, Sat,22,Mar,1997,14,27,39,40,41,43,21
129, Wed,19,Mar,1997,13,16,17,29,40,48,32
128, Sat,15,Mar,1997,7,24,37,39,40,43,15
127, Wed,12,Mar,1997,3,4,5,16,22,25,12
126, Sat,8,Mar,1997,5,12,20,29,39,42,22
125, Wed,5,Mar,1997,7,12,20,24,28,43,45
124, Sat,1,Mar,1997,2,8,23,33,42,49,14
123, Wed,26,Feb,1997,2,34,36,38,44,46,40
122, Sat,22,Feb,1997,1,5,8,9,23,27,22
121, Wed,19,Feb,1997,9,11,19,36,39,41,13
120, Sat,15,Feb,1997,7,14,21,34,38,47,13
119, Wed,12,Feb,1997,5,14,23,29,38,45,47
118, Sat,8,Feb,1997,9,13,27,30,36,47,15
117, Wed,5,Feb,1997,9,25,28,29,31,35,37
116, Sat,1,Feb,1997,12,16,20,28,36,48,34
115, Sat,25,Jan,1997,1,24,28,31,35,47,9
114, Sat,18,Jan,1997,3,21,22,26,31,48,43
113, Sat,11,Jan,1997,4,11,16,18,35,43,39
112, Sat,4,Jan,1997,11,13,14,27,40,41,23
111, Sat,28,Dec,1996,8,10,20,27,31,39,30
110, Sat,21,Dec,1996,5,26,35,38,42,45,46
109, Sat,14,Dec,1996,12,24,33,34,42,47,44
108, Sat,7,Dec,1996,6,13,17,22,42,47,30
107, Sat,30,Nov,1996,4,5,12,25,26,49,48
106, Sat,23,Nov,1996,16,33,34,43,46,49,47
105, Sat,16,Nov,1996,1,5,16,18,37,42,24
104, Sat,9,Nov,1996,8,24,27,41,43,49,5
103, Sat,2,Nov,1996,7,23,32,35,43,48,25
102, Sat,26,Oct,1996,1,3,9,20,30,35,36
101, Sat,19,Oct,1996,10,13,31,34,39,48,33
100, Sat,12,Oct,1996,15,16,25,30,39,45,14
99, Sat,5,Oct,1996,6,9,25,45,47,48,14
98, Sat,28,Sep,1996,19,23,26,31,36,39,3
97, Sat,21,Sep,1996,7,8,12,30,35,41,47
96, Sat,14,Sep,1996,2,9,10,11,38,48,1
95, Sat,7,Sep,1996,5,13,15,18,32,44,41
94, Sat,31,Aug,1996,3,5,14,27,44,47,43
93, Sat,24,Aug,1996,8,11,14,18,33,44,34
92, Sat,17,Aug,1996,2,28,33,39,42,44,46
91, Sat,10,Aug,1996,3,23,36,38,41,45,44
90, Sat,3,Aug,1996,13,17,26,28,31,36,44
89, Sat,27,Jul,1996,2,13,19,21,32,45,9
88, Sat,20,Jul,1996,6,14,20,25,34,44,45
87, Sat,13,Jul,1996,5,10,11,12,41,42,2
86, Sat,6,Jul,1996,13,26,43,44,45,47,36
85, Sat,29,Jun,1996,4,17,27,34,35,46,7
84, Sat,22,Jun,1996,3,4,7,11,17,40,20
83, Sat,15,Jun,1996,13,18,25,44,46,47,34
82, Sat,8,Jun,1996,11,15,17,25,32,46,29
81, Sat,1,Jun,1996,24,35,36,37,39,45,20
80, Sat,25,May,1996,8,20,26,34,42,43,25
79, Sat,18,May,1996,4,12,13,33,40,46,41
78, Sat,11,May,1996,7,10,12,22,34,48,11
77, Sat,4,May,1996,6,25,26,33,34,47,49
76, Sat,27,Apr,1996,4,6,11,18,31,48,41
75, Sat,20,Apr,1996,9,28,29,31,40,48,23
74, Sat,13,Apr,1996,23,38,40,44,47,49,12
73, Sat,6,Apr,1996,1,4,6,14,17,38,9
72, Sat,30,Mar,1996,12,26,27,28,37,49,43
71, Sat,23,Mar,1996,5,7,14,18,30,43,28
70, Sat,16,Mar,1996,2,12,19,28,38,48,45
69, Sat,9,Mar,1996,14,16,29,30,37,45,7
68, Sat,2,Mar,1996,9,11,12,24,41,45,6
67, Sat,24,Feb,1996,2,5,7,24,35,44,30
66, Sat,17,Feb,1996,4,14,15,16,18,22,33
65, Sat,10,Feb,1996,4,11,14,15,28,42,6
64, Sat,3,Feb,1996,2,9,22,26,32,44,40
63, Sat,27,Jan,1996,16,17,38,41,42,43,28
62, Sat,20,Jan,1996,5,23,25,30,33,37,3
61, Sat,13,Jan,1996,21,29,31,32,34,48,25
60, Sat,6,Jan,1996,2,3,4,13,42,44,24
59, Sat,30,Dec,1995,6,32,39,42,43,45,36
58, Sat,23,Dec,1995,6,11,34,40,47,49,16
57, Sat,16,Dec,1995,7,8,23,28,35,49,10
56, Sat,9,Dec,1995,5,11,12,26,29,33,20
55, Sat,2,Dec,1995,15,16,19,26,35,46,7
54, Sat,25,Nov,1995,16,23,28,30,42,46,45
53, Sat,18,Nov,1995,4,7,18,33,45,48,1
52, Sat,11,Nov,1995,7,10,23,28,30,48,3
51, Sat,4,Nov,1995,6,14,18,27,44,48,1
50, Sat,28,Oct,1995,7,16,27,33,35,44,5
49, Sat,21,Oct,1995,2,6,17,19,21,47,5
48, Sat,14,Oct,1995,4,5,9,25,30,47,17
47, Sat,7,Oct,1995,10,22,28,30,36,37,45
46, Sat,30,Sep,1995,10,11,29,32,33,40,16
45, Sat,23,Sep,1995,5,10,19,24,34,46,28
44, Sat,16,Sep,1995,2,10,14,25,37,41,5
43, Sat,9,Sep,1995,2,12,20,22,41,45,47
42, Sat,2,Sep,1995,1,15,22,28,40,49,44
41, Sat,26,Aug,1995,16,18,21,27,38,41,26
40, Sat,19,Aug,1995,5,8,23,24,28,48,19
39, Sat,12,Aug,1995,11,25,28,33,34,47,48
38, Sat,5,Aug,1995,1,8,25,30,35,45,15
37, Sat,29,Jul,1995,28,34,41,45,46,49,11
36, Sat,22,Jul,1995,2,3,21,22,23,40,24
35, Sat,15,Jul,1995,1,4,20,31,41,43,38
34, Sat,8,Jul,1995,1,3,11,14,20,40,45
33, Sat,1,Jul,1995,5,7,8,25,44,48,3
32, Sat,24,Jun,1995,5,15,21,42,43,45,20
31, Sat,17,Jun,1995,27,30,33,38,40,48,2
30, Sat,10,Jun,1995,12,15,26,44,46,49,14
29, Sat,3,Jun,1995,1,21,29,31,32,40,27
28, Sat,27,May,1995,12,13,25,37,44,45,9
27, Sat,20,May,1995,15,16,17,28,32,46,22
26, Sat,13,May,1995,7,16,25,26,28,41,19
25, Sat,6,May,1995,5,14,17,35,43,48,22
24, Sat,29,Apr,1995,9,15,22,31,34,48,23
23, Sat,22,Apr,1995,8,18,20,33,36,38,46
22, Sat,15,Apr,1995,1,4,6,23,26,49,8
21, Sat,8,Apr,1995,14,17,22,24,42,47,34
20, Sat,1,Apr,1995,22,25,30,32,41,43,29
19, Sat,25,Mar,1995,4,17,41,42,44,49,24
18, Sat,18,Mar,1995,9,18,19,24,31,41,21
17, Sat,11,Mar,1995,2,13,22,27,29,46,36
16, Sat,4,Mar,1995,11,12,17,26,36,42,13
15, Sat,25,Feb,1995,5,8,10,18,31,33,28
14, Sat,18,Feb,1995,16,19,21,29,36,45,43
13, Sat,11,Feb,1995,15,18,29,35,38,48,5
12, Sat,4,Feb,1995,1,7,37,38,42,46,20
11, Sat,28,Jan,1995,4,16,25,26,31,43,21
10, Sat,21,Jan,1995,6,16,20,30,31,47,4
9, Sat,14,Jan,1995,7,17,23,32,38,42,48
8, Sat,7,Jan,1995,2,5,21,22,25,32,46
7, Sat,31,Dec,1994,9,17,32,36,42,44,16
6, Sat,24,Dec,1994,2,3,27,29,39,44,6
5, Sat,17,Dec,1994,3,5,9,13,14,38,30
4, Sat,10,Dec,1994,26,35,38,43,47,49,28
3, Sat,3,Dec,1994,11,17,21,29,30,40,31
2, Sat,26,Nov,1994,6,12,15,16,31,44,37
1, Sat,19,Nov,1994,3,5,14,22,30,44,10
